ID,Nome_Scuola,Citta,Land,OID_Erasmus,Sito_Web,ISCED,Fonte_URL
DE-WAVE2-0001,Aartalschule,Aarbergen,Hessen,E10201259,,2-3,https://erasmusplus.schule/fileadmin/Dateien/Dokumente/Erasmus/Foerderlisten/KA120_akkreditierte_Einrichtungen.pdf
DE-WAVE2-0002,Albert-Schweitzer-Schule Gymnasium Alsfeld,Alsfeld,Hessen,E10055481,,2-3,https://erasmusplus.schule/fileadmin/Dateien/Dokumente/Erasmus/Foerderlisten/KA120_akkreditierte_Einrichtungen.pdf
DE-WAVE2-0003,Alexander-von-Humboldt Schule Aßlar,Aßlar,Hessen,E10052763,,2-3,https://erasmusplus.schule/fileadmin/Dateien/Dokumente/Erasmus/Foerderlisten/KA120_akkreditierte_Einrichtungen.pdf
DE-WAVE2-0004,Joachim-Schumann-Schule,Babenhausen,Hessen,E10003233,,2-3,https://erasmusplus.schule/fileadmin/Dateien/Dokumente/Erasmus/Foerderlisten/KA120_akkreditierte_Einrichtungen.pdf
DE-WAVE2-0005,Modellschule Obersberg,Bad Hersfeld,Hessen,E10071307,,2-3,https://erasmusplus.schule/fileadmin/Dateien/Dokumente/Erasmus/Foerderlisten/KA120_akkreditierte_Einrichtungen.pdf
DE-WAVE2-0006,Schule für Erwachsene Osthessen,Bad Hersfeld,Hessen,E10072084,,2-3,https://erasmusplus.schule/fileadmin/Dateien/Dokumente/Erasmus/Foerderlisten/KA120_akkreditierte_Einrichtungen.pdf
DE-WAVE2-0007,Maria-Ward-Schule Bad Homburg,,Hessen,E10079451,,2-3,https://erasmusplus.schule/fileadmin/Dateien/Dokumente/Erasmus/Foerderlisten/KA120_akkreditierte_Einrichtungen.pdf
DE-WAVE2-0008,Ernst-Ludwig-Schule,Bad Nauheim,Hessen,E10155392,,2-3,https://erasmusplus.schule/fileadmin/Dateien/Dokumente/Erasmus/Foerderlisten/KA120_akkreditierte_Einrichtungen.pdf
DE-WAVE2-0009,Sankt Lioba Schule,Bad Nauheim,Hessen,E10313866,,2-3,https://erasmusplus.schule/fileadmin/Dateien/Dokumente/Erasmus/Foerderlisten/KA120_akkreditierte_Einrichtungen.pdf
DE-WAVE2-0010,Nikolaus-August-Otto-Schule,Bad Schwalbach,Hessen,E10369787,,2-3,https://erasmusplus.schule/fileadmin/Dateien/Dokumente/Erasmus/Foerderlisten/KA120_akkreditierte_Einrichtungen.pdf
DE-WAVE2-0011,Erich-Kästner-Schule Baunatal,Baunatal,Hessen,E10309109,,2-3,https://erasmusplus.schule/fileadmin/Dateien/Dokumente/Erasmus/Foerderlisten/KA120_akkreditierte_Einrichtungen.pdf
DE-WAVE2-0012,Goethe-Gymnasium an der Bergstraße,Bensheim,Hessen,E10033473,,2-3,https://erasmusplus.schule/fileadmin/Dateien/Dokumente/Erasmus/Foerderlisten/KA120_akkreditierte_Einrichtungen.pdf
DE-WAVE2-0013,Lahntalschule Biedenkopf,Biedenkopf,Hessen,E10146256,,2-3,https://erasmusplus.schule/fileadmin/Dateien/Dokumente/Erasmus/Foerderlisten/KA120_akkreditierte_Einrichtungen.pdf
DE-WAVE2-0014,Weidigschule Butzbach,Butzbach,Hessen,E10300882,,2-3,https://erasmusplus.schule/fileadmin/Dateien/Dokumente/Erasmus/Foerderlisten/KA120_akkreditierte_Einrichtungen.pdf
DE-WAVE2-0015,Mornewegschule,Darmstadt,Hessen,E10018764,,2-3,https://erasmusplus.schule/fileadmin/Dateien/Dokumente/Erasmus/Foerderlisten/KA120_akkreditierte_Einrichtungen.pdf
DE-WAVE2-0016,Schulzentrum Marienhöhe gGmbH,Darmstadt,Hessen,E10303605,,2-3,https://erasmusplus.schule/fileadmin/Dateien/Dokumente/Erasmus/Foerderlisten/KA120_akkreditierte_Einrichtungen.pdf
DE-WAVE2-0017,Private Tagesheim-und Internatsschule Dieburg,Dieburg,Hessen,E10168328,,2-3,https://erasmusplus.schule/fileadmin/Dateien/Dokumente/Erasmus/Foerderlisten/KA120_akkreditierte_Einrichtungen.pdf
DE-WAVE2-0018,Heinrich Heine-Europaschule,Dreieich,Hessen,E10025199,,2-3,https://erasmusplus.schule/fileadmin/Dateien/Dokumente/Erasmus/Foerderlisten/KA120_akkreditierte_Einrichtungen.pdf
DE-WAVE2-0019,Gymnasium Eltville,Eltville,Hessen,E10308162,,2-3,https://erasmusplus.schule/fileadmin/Dateien/Dokumente/Erasmus/Foerderlisten/KA120_akkreditierte_Einrichtungen.pdf
DE-WAVE2-0020,Erlenbachschule Elz,Elz,Hessen,E10102360,,2-3,https://erasmusplus.schule/fileadmin/Dateien/Dokumente/Erasmus/Foerderlisten/KA120_akkreditierte_Einrichtungen.pdf
DE-WAVE2-0021,Holderbergschule,Eschenburg,Hessen,E10039797,,2-3,https://erasmusplus.schule/fileadmin/Dateien/Dokumente/Erasmus/Foerderlisten/KA120_akkreditierte_Einrichtungen.pdf
DE-WAVE2-0022,Gymnasium Edertalschule,Frankenberg (Eder),Hessen,E10155878,,2-3,https://erasmusplus.schule/fileadmin/Dateien/Dokumente/Erasmus/Foerderlisten/KA120_akkreditierte_Einrichtungen.pdf
DE-WAVE2-0023,Ortenbergschule Frankenberg,Frankenberg (Eder),Hessen,E10201133,,2-3,https://erasmusplus.schule/fileadmin/Dateien/Dokumente/Erasmus/Foerderlisten/KA120_akkreditierte_Einrichtungen.pdf
DE-WAVE2-0024,Gymnasium Riedberg,Frankfurt,Hessen,E10004757,,2-3,https://erasmusplus.schule/fileadmin/Dateien/Dokumente/Erasmus/Foerderlisten/KA120_akkreditierte_Einrichtungen.pdf
DE-WAVE2-0025,Integrierte Gesamtschule Nordend,Frankfurt,Hessen,E10061438,,2-3,https://erasmusplus.schule/fileadmin/Dateien/Dokumente/Erasmus/Foerderlisten/KA120_akkreditierte_Einrichtungen.pdf
DE-WAVE2-0026,Johanna-Tesch-Schule,Frankfurt,Hessen,E10307938,,2-3,https://erasmusplus.schule/fileadmin/Dateien/Dokumente/Erasmus/Foerderlisten/KA120_akkreditierte_Einrichtungen.pdf
DE-WAVE2-0027,Boehleschule,Frankfurt am Main,Hessen,E10274244,,2-3,https://erasmusplus.schule/fileadmin/Dateien/Dokumente/Erasmus/Foerderlisten/KA120_akkreditierte_Einrichtungen.pdf
DE-WAVE2-0028,Ernst-Reuter-Schule II,Frankfurt am Main,Hessen,E10193156,,2-3,https://erasmusplus.schule/fileadmin/Dateien/Dokumente/Erasmus/Foerderlisten/KA120_akkreditierte_Einrichtungen.pdf
DE-WAVE2-0029,Friedrich-Dessauer-Gymnasium,Frankfurt am Main,Hessen,E10051966,,2-3,https://erasmusplus.schule/fileadmin/Dateien/Dokumente/Erasmus/Foerderlisten/KA120_akkreditierte_Einrichtungen.pdf
DE-WAVE2-0030,Hostatoschule,Frankfurt am Main,Hessen,E10067634,,2-3,https://erasmusplus.schule/fileadmin/Dateien/Dokumente/Erasmus/Foerderlisten/KA120_akkreditierte_Einrichtungen.pdf
DE-WAVE2-0031,IGS Süd,Frankfurt am Main,Hessen,E10192533,,2-3,https://erasmusplus.schule/fileadmin/Dateien/Dokumente/Erasmus/Foerderlisten/KA120_akkreditierte_Einrichtungen.pdf
DE-WAVE2-0032,Liebigschule,Frankfurt am Main,Hessen,E10017225,,2-3,https://erasmusplus.schule/fileadmin/Dateien/Dokumente/Erasmus/Foerderlisten/KA120_akkreditierte_Einrichtungen.pdf
DE-WAVE2-0033,Schillerschule Frankfurt am Main,Frankfurt am Main,Hessen,E10009999,,2-3,https://erasmusplus.schule/fileadmin/Dateien/Dokumente/Erasmus/Foerderlisten/KA120_akkreditierte_Einrichtungen.pdf
DE-WAVE2-0034,Kopernikusschule Freigericht,Freigericht,Hessen,E10192055,,2-3,https://erasmusplus.schule/fileadmin/Dateien/Dokumente/Erasmus/Foerderlisten/KA120_akkreditierte_Einrichtungen.pdf
DE-WAVE2-0035,Burggymnasium Friedberg,Friedberg,Hessen,E10120462,,2-3,https://erasmusplus.schule/fileadmin/Dateien/Dokumente/Erasmus/Foerderlisten/KA120_akkreditierte_Einrichtungen.pdf
DE-WAVE2-0036,König-Heinrich-Schule Fritzlar,Fritzlar,Hessen,E10095615,,2-3,https://erasmusplus.schule/fileadmin/Dateien/Dokumente/Erasmus/Foerderlisten/KA120_akkreditierte_Einrichtungen.pdf
DE-WAVE2-0037,Ursulinenschule Fritzlar,Fritzlar,Hessen,E10125538,,2-3,https://erasmusplus.schule/fileadmin/Dateien/Dokumente/Erasmus/Foerderlisten/KA120_akkreditierte_Einrichtungen.pdf
DE-WAVE2-0038,Marianum staatlich anerkannte Realschule und,Fulda,Hessen,E10135587,,2-3,https://erasmusplus.schule/fileadmin/Dateien/Dokumente/Erasmus/Foerderlisten/KA120_akkreditierte_Einrichtungen.pdf
DE-WAVE2-0039,Gesamtschule Fuldatal,Fuldatal,Hessen,E10308306,,2-3,https://erasmusplus.schule/fileadmin/Dateien/Dokumente/Erasmus/Foerderlisten/KA120_akkreditierte_Einrichtungen.pdf
DE-WAVE2-0040,St. Ursula-Schule Geisenheim,Geisenheim,Hessen,E10282160,,2-3,https://erasmusplus.schule/fileadmin/Dateien/Dokumente/Erasmus/Foerderlisten/KA120_akkreditierte_Einrichtungen.pdf
DE-WAVE2-0041,Grimmelshausen Gymnasium,Gelnhausen,Hessen,E10155760,,2-3,https://erasmusplus.schule/fileadmin/Dateien/Dokumente/Erasmus/Foerderlisten/KA120_akkreditierte_Einrichtungen.pdf
DE-WAVE2-0042,Gesamtschule Gießen-Ost,Gießen,Hessen,E10089220,,2-3,https://erasmusplus.schule/fileadmin/Dateien/Dokumente/Erasmus/Foerderlisten/KA120_akkreditierte_Einrichtungen.pdf
DE-WAVE2-0043,Herderschule Giessen,Gießen,Hessen,E10140560,,2-3,https://erasmusplus.schule/fileadmin/Dateien/Dokumente/Erasmus/Foerderlisten/KA120_akkreditierte_Einrichtungen.pdf
DE-WAVE2-0044,"Freiherr-vom-Stein-Schule, Gladenbach",Gladenbach,Hessen,E10054750,,2-3,https://erasmusplus.schule/fileadmin/Dateien/Dokumente/Erasmus/Foerderlisten/KA120_akkreditierte_Einrichtungen.pdf
DE-WAVE2-0045,Dr.-Georg-August-Zinn-Schule,Gudensberg,Hessen,E10340596,,2-3,https://erasmusplus.schule/fileadmin/Dateien/Dokumente/Erasmus/Foerderlisten/KA120_akkreditierte_Einrichtungen.pdf
DE-WAVE2-0046,Karl-Rehbein-Schule,Hanau,Hessen,E10048748,,2-3,https://erasmusplus.schule/fileadmin/Dateien/Dokumente/Erasmus/Foerderlisten/KA120_akkreditierte_Einrichtungen.pdf
DE-WAVE2-0047,Staatliches Schulamt für den Landkreis,,Hessen,E10308756,,2-3,https://erasmusplus.schule/fileadmin/Dateien/Dokumente/Erasmus/Foerderlisten/KA120_akkreditierte_Einrichtungen.pdf
DE-WAVE2-0048,Johanneum Gymnasium Herborn,Herborn,Hessen,E10309426,,2-3,https://erasmusplus.schule/fileadmin/Dateien/Dokumente/Erasmus/Foerderlisten/KA120_akkreditierte_Einrichtungen.pdf
DE-WAVE2-0049,Main-Taunus-Schule,Hofheim,Hessen,E10001800,,2-3,https://erasmusplus.schule/fileadmin/Dateien/Dokumente/Erasmus/Foerderlisten/KA120_akkreditierte_Einrichtungen.pdf
DE-WAVE2-0050,Bundespräsident-Theodor-Heuss-Schule,Homberg (Efze),Hessen,E10290613,,2-3,https://erasmusplus.schule/fileadmin/Dateien/Dokumente/Erasmus/Foerderlisten/KA120_akkreditierte_Einrichtungen.pdf
DE-WAVE2-0051,"Freiherr-vom-Stein Schule, Huenfelden",Huenfelden,Hessen,E10155625,,2-3,https://erasmusplus.schule/fileadmin/Dateien/Dokumente/Erasmus/Foerderlisten/KA120_akkreditierte_Einrichtungen.pdf
DE-WAVE2-0052,Friedrichsgymnasium,Kassel,Hessen,E10323988,,2-3,https://erasmusplus.schule/fileadmin/Dateien/Dokumente/Erasmus/Foerderlisten/KA120_akkreditierte_Einrichtungen.pdf
DE-WAVE2-0053,Georg-Christoph-Lichtenberg Schule,Kassel,Hessen,E10084869,,2-3,https://erasmusplus.schule/fileadmin/Dateien/Dokumente/Erasmus/Foerderlisten/KA120_akkreditierte_Einrichtungen.pdf
DE-WAVE2-0054,Offene Schule Waldau,Kassel,Hessen,E10164430,,2-3,https://erasmusplus.schule/fileadmin/Dateien/Dokumente/Erasmus/Foerderlisten/KA120_akkreditierte_Einrichtungen.pdf
DE-WAVE2-0055,Schule Hegelsberg,Kassel,Hessen,E10239800,,2-3,https://erasmusplus.schule/fileadmin/Dateien/Dokumente/Erasmus/Foerderlisten/KA120_akkreditierte_Einrichtungen.pdf
DE-WAVE2-0056,Wilhelmsgymnasium,Kassel,Hessen,E10192268,,2-3,https://erasmusplus.schule/fileadmin/Dateien/Dokumente/Erasmus/Foerderlisten/KA120_akkreditierte_Einrichtungen.pdf
DE-WAVE2-0057,Kids Camp gGmbH,Königstein im Taunus,Hessen,E10257644,,2-3,https://erasmusplus.schule/fileadmin/Dateien/Dokumente/Erasmus/Foerderlisten/KA120_akkreditierte_Einrichtungen.pdf
DE-WAVE2-0058,LTS Lahntalschule Lahnau,Lahnau,Hessen,E10268479,,2-3,https://erasmusplus.schule/fileadmin/Dateien/Dokumente/Erasmus/Foerderlisten/KA120_akkreditierte_Einrichtungen.pdf
DE-WAVE2-0059,Käthe-Kollwitz-Schule Langenselbold,Langenselbold,Hessen,E10166656,,2-3,https://erasmusplus.schule/fileadmin/Dateien/Dokumente/Erasmus/Foerderlisten/KA120_akkreditierte_Einrichtungen.pdf
DE-WAVE2-0060,Marienschule Limburg,Limburg,Hessen,E10169160,,2-3,https://erasmusplus.schule/fileadmin/Dateien/Dokumente/Erasmus/Foerderlisten/KA120_akkreditierte_Einrichtungen.pdf
DE-WAVE2-0061,Tilemannschule Limburg,Limburg,Hessen,E10108022,,2-3,https://erasmusplus.schule/fileadmin/Dateien/Dokumente/Erasmus/Foerderlisten/KA120_akkreditierte_Einrichtungen.pdf
DE-WAVE2-0062,Anne-Frank-Schule,Linden,Hessen,E10195284,,2-3,https://erasmusplus.schule/fileadmin/Dateien/Dokumente/Erasmus/Foerderlisten/KA120_akkreditierte_Einrichtungen.pdf
DE-WAVE2-0063,Clemens-Brentano-Europaschule,Lollar,Hessen,E10059067,,2-3,https://erasmusplus.schule/fileadmin/Dateien/Dokumente/Erasmus/Foerderlisten/KA120_akkreditierte_Einrichtungen.pdf
DE-WAVE2-0064,Wilhelm-Leuschner-Schule,Mainz-Kostheim,Hessen,E10108624,,2-3,https://erasmusplus.schule/fileadmin/Dateien/Dokumente/Erasmus/Foerderlisten/KA120_akkreditierte_Einrichtungen.pdf
DE-WAVE2-0065,Elisabethschule,Marburg,Hessen,E10202997,,2-3,https://erasmusplus.schule/fileadmin/Dateien/Dokumente/Erasmus/Foerderlisten/KA120_akkreditierte_Einrichtungen.pdf
DE-WAVE2-0066,Martin-Luther-Schule,Marburg,Hessen,E10103219,,2-3,https://erasmusplus.schule/fileadmin/Dateien/Dokumente/Erasmus/Foerderlisten/KA120_akkreditierte_Einrichtungen.pdf
DE-WAVE2-0067,Sophie-von-Brabant-Schule,Marburg,Hessen,E10109443,,2-3,https://erasmusplus.schule/fileadmin/Dateien/Dokumente/Erasmus/Foerderlisten/KA120_akkreditierte_Einrichtungen.pdf
DE-WAVE2-0068,Westerwaldschule Waldernbach,Mengerskirchen,Hessen,E10133119,,2-3,https://erasmusplus.schule/fileadmin/Dateien/Dokumente/Erasmus/Foerderlisten/KA120_akkreditierte_Einrichtungen.pdf
DE-WAVE2-0069,Bertha-von-Suttner-Schule,Mörfelden-Walldorf,Hessen,E10053452,,2-3,https://erasmusplus.schule/fileadmin/Dateien/Dokumente/Erasmus/Foerderlisten/KA120_akkreditierte_Einrichtungen.pdf
DE-WAVE2-0070,Edith-Stein-Schule,Offenbach,Hessen,E10011620,,2-3,https://erasmusplus.schule/fileadmin/Dateien/Dokumente/Erasmus/Foerderlisten/KA120_akkreditierte_Einrichtungen.pdf
DE-WAVE2-0071,Rudolf-Koch-Schule,Offenbach am Main,Hessen,E10282385,,2-3,https://erasmusplus.schule/fileadmin/Dateien/Dokumente/Erasmus/Foerderlisten/KA120_akkreditierte_Einrichtungen.pdf
DE-WAVE2-0072,Adolf-Reichwein-Schule Pohlheim,Pohlheim,Hessen,E10369850,,2-3,https://erasmusplus.schule/fileadmin/Dateien/Dokumente/Erasmus/Foerderlisten/KA120_akkreditierte_Einrichtungen.pdf
DE-WAVE2-0073,Georg-August-Zinn-Schule Reichelsheim,Reichelsheim,Hessen,E10023004,,2-3,https://erasmusplus.schule/fileadmin/Dateien/Dokumente/Erasmus/Foerderlisten/KA120_akkreditierte_Einrichtungen.pdf
DE-WAVE2-0074,Martin-Luther-Schule Rimbach,Rimbach,Hessen,E10020859,,2-3,https://erasmusplus.schule/fileadmin/Dateien/Dokumente/Erasmus/Foerderlisten/KA120_akkreditierte_Einrichtungen.pdf
DE-WAVE2-0075,Oswald von Nell Breuning Schule Rödermark,Rödermark,Hessen,E10305396,,2-3,https://erasmusplus.schule/fileadmin/Dateien/Dokumente/Erasmus/Foerderlisten/KA120_akkreditierte_Einrichtungen.pdf
DE-WAVE2-0076,Georg Büchner Schule,Rodgau,Hessen,E10097359,,2-3,https://erasmusplus.schule/fileadmin/Dateien/Dokumente/Erasmus/Foerderlisten/KA120_akkreditierte_Einrichtungen.pdf
DE-WAVE2-0077,Justin-Wagner-Schule,Roßdorf,Hessen,E10263190,,2-3,https://erasmusplus.schule/fileadmin/Dateien/Dokumente/Erasmus/Foerderlisten/KA120_akkreditierte_Einrichtungen.pdf
DE-WAVE2-0078,Neues Gymnasium Ruesselsheim,Ruesselsheim,Hessen,E10069939,,2-3,https://erasmusplus.schule/fileadmin/Dateien/Dokumente/Erasmus/Foerderlisten/KA120_akkreditierte_Einrichtungen.pdf
DE-WAVE2-0079,Gustav-Heinemann-Schule Rüsselsheim,Rüsselsheim,Hessen,E10400171,,2-3,https://erasmusplus.schule/fileadmin/Dateien/Dokumente/Erasmus/Foerderlisten/KA120_akkreditierte_Einrichtungen.pdf
DE-WAVE2-0080,Vogelsbergschule Schotten,Schotten,Hessen,E10169017,,2-3,https://erasmusplus.schule/fileadmin/Dateien/Dokumente/Erasmus/Foerderlisten/KA120_akkreditierte_Einrichtungen.pdf
DE-WAVE2-0081,Taunus gGmbH,,Hessen,E10169481,,2-3,https://erasmusplus.schule/fileadmin/Dateien/Dokumente/Erasmus/Foerderlisten/KA120_akkreditierte_Einrichtungen.pdf
DE-WAVE2-0082,Georg-Kerschensteiner-Schule,,Hessen,E10224829,,2-3,https://erasmusplus.schule/fileadmin/Dateien/Dokumente/Erasmus/Foerderlisten/KA120_akkreditierte_Einrichtungen.pdf
DE-WAVE2-0083,Gymnasium Taunusstein,Taunusstein,Hessen,E10294612,,2-3,https://erasmusplus.schule/fileadmin/Dateien/Dokumente/Erasmus/Foerderlisten/KA120_akkreditierte_Einrichtungen.pdf
DE-WAVE2-0084,Alexander von Humboldt Schule Viernheim,Viernheim,Hessen,E10265961,,2-3,https://erasmusplus.schule/fileadmin/Dateien/Dokumente/Erasmus/Foerderlisten/KA120_akkreditierte_Einrichtungen.pdf
DE-WAVE2-0085,Überwald-Gymnasium,Wald-Michelbach,Hessen,E10282066,,2-3,https://erasmusplus.schule/fileadmin/Dateien/Dokumente/Erasmus/Foerderlisten/KA120_akkreditierte_Einrichtungen.pdf
DE-WAVE2-0086,Kleeblattschule Wehretal,Wehretal,Hessen,E10030272,,2-3,https://erasmusplus.schule/fileadmin/Dateien/Dokumente/Erasmus/Foerderlisten/KA120_akkreditierte_Einrichtungen.pdf
DE-WAVE2-0087,Weiltalschule Weilmünster,Weilmünster,Hessen,E10159644,,2-3,https://erasmusplus.schule/fileadmin/Dateien/Dokumente/Erasmus/Foerderlisten/KA120_akkreditierte_Einrichtungen.pdf
DE-WAVE2-0088,Gesamtschule Niederwalgern,Weimar,Hessen,E10341290,,2-3,https://erasmusplus.schule/fileadmin/Dateien/Dokumente/Erasmus/Foerderlisten/KA120_akkreditierte_Einrichtungen.pdf
DE-WAVE2-0089,Hessenwaldschule,Weiterstadt,Hessen,E10181403,,2-3,https://erasmusplus.schule/fileadmin/Dateien/Dokumente/Erasmus/Foerderlisten/KA120_akkreditierte_Einrichtungen.pdf
DE-WAVE2-0090,IGS Wollenbergschule Wetter,Wetter,Hessen,E10337306,,2-3,https://erasmusplus.schule/fileadmin/Dateien/Dokumente/Erasmus/Foerderlisten/KA120_akkreditierte_Einrichtungen.pdf
DE-WAVE2-0091,August Bebel Integrierte Gesamtschule,Wetzlar,Hessen,E10048056,,2-3,https://erasmusplus.schule/fileadmin/Dateien/Dokumente/Erasmus/Foerderlisten/KA120_akkreditierte_Einrichtungen.pdf
DE-WAVE2-0092,Goetheschule Wetzlar,Wetzlar,Hessen,E10148360,,2-3,https://erasmusplus.schule/fileadmin/Dateien/Dokumente/Erasmus/Foerderlisten/KA120_akkreditierte_Einrichtungen.pdf
DE-WAVE2-0093,Gymnasium am Mosbacher Berg,Wiesbaden,Hessen,E10373720,,2-3,https://erasmusplus.schule/fileadmin/Dateien/Dokumente/Erasmus/Foerderlisten/KA120_akkreditierte_Einrichtungen.pdf
DE-WAVE2-0094,Helene-Lange-Schule,Wiesbaden,Hessen,E10110646,,2-3,https://erasmusplus.schule/fileadmin/Dateien/Dokumente/Erasmus/Foerderlisten/KA120_akkreditierte_Einrichtungen.pdf
DE-WAVE2-0095,Couven Gymnasium,Aachen,Nordrhein-Westfalen,E10014978,,2-3,https://erasmusplus.schule/fileadmin/Dateien/Dokumente/Erasmus/Foerderlisten/KA120_akkreditierte_Einrichtungen.pdf
DE-WAVE2-0096,Einhard-Gymnasium,Aachen,Nordrhein-Westfalen,E10162782,,2-3,https://erasmusplus.schule/fileadmin/Dateien/Dokumente/Erasmus/Foerderlisten/KA120_akkreditierte_Einrichtungen.pdf
DE-WAVE2-0097,Geschwister-Scholl-Gymnasium,Aachen,Nordrhein-Westfalen,E10235929,,2-3,https://erasmusplus.schule/fileadmin/Dateien/Dokumente/Erasmus/Foerderlisten/KA120_akkreditierte_Einrichtungen.pdf
DE-WAVE2-0098,Inda-Gymnasium,Aachen,Nordrhein-Westfalen,E10186104,,2-3,https://erasmusplus.schule/fileadmin/Dateien/Dokumente/Erasmus/Foerderlisten/KA120_akkreditierte_Einrichtungen.pdf
DE-WAVE2-0099,Kaiser Karls Gymnasium,Aachen,Nordrhein-Westfalen,E10189784,,2-3,https://erasmusplus.schule/fileadmin/Dateien/Dokumente/Erasmus/Foerderlisten/KA120_akkreditierte_Einrichtungen.pdf
DE-WAVE2-0100,Priv. Bischöfliches Pius-Gymnasium,Aachen,Nordrhein-Westfalen,E10016853,,2-3,https://erasmusplus.schule/fileadmin/Dateien/Dokumente/Erasmus/Foerderlisten/KA120_akkreditierte_Einrichtungen.pdf
DE-WAVE2-0101,Rhein-Maas-Gymnasium Aachen,Aachen,Nordrhein-Westfalen,E10106929,,2-3,https://erasmusplus.schule/fileadmin/Dateien/Dokumente/Erasmus/Foerderlisten/KA120_akkreditierte_Einrichtungen.pdf
DE-WAVE2-0102,St. Leonhard Gymnasium Aachen,Aachen,Nordrhein-Westfalen,E10283717,,2-3,https://erasmusplus.schule/fileadmin/Dateien/Dokumente/Erasmus/Foerderlisten/KA120_akkreditierte_Einrichtungen.pdf
DE-WAVE2-0103,Anne Frank Realschule,Ahaus,Nordrhein-Westfalen,E10055345,,2-3,https://erasmusplus.schule/fileadmin/Dateien/Dokumente/Erasmus/Foerderlisten/KA120_akkreditierte_Einrichtungen.pdf
DE-WAVE2-0104,Bischöfliche Canisiusschule,Ahaus,Nordrhein-Westfalen,E10066268,,2-3,https://erasmusplus.schule/fileadmin/Dateien/Dokumente/Erasmus/Foerderlisten/KA120_akkreditierte_Einrichtungen.pdf
DE-WAVE2-0105,Städtisches Gymnasium für Jungen und Mädchen Bruno-Wagler-Weg 2-4,Ahlen,Nordrhein-Westfalen,E10095191,,2-3,https://erasmusplus.schule/fileadmin/Dateien/Dokumente/Erasmus/Foerderlisten/KA120_akkreditierte_Einrichtungen.pdf
DE-WAVE2-0106,Gustav-Heinemann-Gesamtschule Alsdorf,Alsdorf,Nordrhein-Westfalen,E10032676,,2-3,https://erasmusplus.schule/fileadmin/Dateien/Dokumente/Erasmus/Foerderlisten/KA120_akkreditierte_Einrichtungen.pdf
DE-WAVE2-0107,Gymnasium der Stadt Alsdorf,Alsdorf,Nordrhein-Westfalen,E10127905,,2-3,https://erasmusplus.schule/fileadmin/Dateien/Dokumente/Erasmus/Foerderlisten/KA120_akkreditierte_Einrichtungen.pdf
DE-WAVE2-0108,Burggymnasium Altena,Altena,Nordrhein-Westfalen,E10341879,,2-3,https://erasmusplus.schule/fileadmin/Dateien/Dokumente/Erasmus/Foerderlisten/KA120_akkreditierte_Einrichtungen.pdf
DE-WAVE2-0109,Bezirksregierung Arnsberg Dezernat 46.3,Arnsberg,Nordrhein-Westfalen,E10258072,,2-3,https://erasmusplus.schule/fileadmin/Dateien/Dokumente/Erasmus/Foerderlisten/KA120_akkreditierte_Einrichtungen.pdf
DE-WAVE2-0110,Ruth-Cohn-Schule,Arnsberg,Nordrhein-Westfalen,E10199247,,2-3,https://erasmusplus.schule/fileadmin/Dateien/Dokumente/Erasmus/Foerderlisten/KA120_akkreditierte_Einrichtungen.pdf
DE-WAVE2-0111,Rivius Gymnasium Attendorn,Attendorn,Nordrhein-Westfalen,E10297990,,2-3,https://erasmusplus.schule/fileadmin/Dateien/Dokumente/Erasmus/Foerderlisten/KA120_akkreditierte_Einrichtungen.pdf
DE-WAVE2-0112,Gesamtschule Bad Oeynhausen,Bad Oeynhausen,Nordrhein-Westfalen,E10091031,,2-3,https://erasmusplus.schule/fileadmin/Dateien/Dokumente/Erasmus/Foerderlisten/KA120_akkreditierte_Einrichtungen.pdf
DE-WAVE2-0113,Rudolph-Brandes-Gymnasium Bad Salzuflen,Bad Salzuflen,Nordrhein-Westfalen,E10291571,,2-3,https://erasmusplus.schule/fileadmin/Dateien/Dokumente/Erasmus/Foerderlisten/KA120_akkreditierte_Einrichtungen.pdf
DE-WAVE2-0114,Profilschule Fürstenberg,Bad Wünnenberg,Nordrhein-Westfalen,E10022348,,2-3,https://erasmusplus.schule/fileadmin/Dateien/Dokumente/Erasmus/Foerderlisten/KA120_akkreditierte_Einrichtungen.pdf
DE-WAVE2-0115,Städtisches Gymnasium Barntrup,Barntrup,Nordrhein-Westfalen,E10017538,,2-3,https://erasmusplus.schule/fileadmin/Dateien/Dokumente/Erasmus/Foerderlisten/KA120_akkreditierte_Einrichtungen.pdf
DE-WAVE2-0116,Albertus-Magnus-Gymnasium,Bergisch Gladbach,Nordrhein-Westfalen,E10051831,,2-3,https://erasmusplus.schule/fileadmin/Dateien/Dokumente/Erasmus/Foerderlisten/KA120_akkreditierte_Einrichtungen.pdf
DE-WAVE2-0117,Dietrich-Bonhoeffer-Gymnasium Bergisch,Bergisch Gladbach,Nordrhein-Westfalen,E10340914,,2-3,https://erasmusplus.schule/fileadmin/Dateien/Dokumente/Erasmus/Foerderlisten/KA120_akkreditierte_Einrichtungen.pdf
DE-WAVE2-0118,Integrierte Gesamtschule Paffrath,Bergisch Gladbach,Nordrhein-Westfalen,E10190215,,2-3,https://erasmusplus.schule/fileadmin/Dateien/Dokumente/Erasmus/Foerderlisten/KA120_akkreditierte_Einrichtungen.pdf
DE-WAVE2-0119,Nicolaus-Cusanus-Gymnasium,Bergisch Gladbach,Nordrhein-Westfalen,E10316568,,2-3,https://erasmusplus.schule/fileadmin/Dateien/Dokumente/Erasmus/Foerderlisten/KA120_akkreditierte_Einrichtungen.pdf
DE-WAVE2-0120,Otto-Hahn-Realschule Bensberg,Bergisch Gladbach,Nordrhein-Westfalen,E10007167,,2-3,https://erasmusplus.schule/fileadmin/Dateien/Dokumente/Erasmus/Foerderlisten/KA120_akkreditierte_Einrichtungen.pdf
DE-WAVE2-0121,Otto-Hahn-Gymnasium Bensberg,Bergisch-Gladbach,Nordrhein-Westfalen,E10296625,,2-3,https://erasmusplus.schule/fileadmin/Dateien/Dokumente/Erasmus/Foerderlisten/KA120_akkreditierte_Einrichtungen.pdf
DE-WAVE2-0122,Städtisches Gymnasium Beverungen,Beverungen,Nordrhein-Westfalen,E10080968,,2-3,https://erasmusplus.schule/fileadmin/Dateien/Dokumente/Erasmus/Foerderlisten/KA120_akkreditierte_Einrichtungen.pdf
DE-WAVE2-0123,Grundschule Diesterweg,Bielefeld,Nordrhein-Westfalen,E10143614,,2-3,https://erasmusplus.schule/fileadmin/Dateien/Dokumente/Erasmus/Foerderlisten/KA120_akkreditierte_Einrichtungen.pdf
DE-WAVE2-0124,Gymnasium Heepen,Bielefeld,Nordrhein-Westfalen,E10303200,,2-3,https://erasmusplus.schule/fileadmin/Dateien/Dokumente/Erasmus/Foerderlisten/KA120_akkreditierte_Einrichtungen.pdf
DE-WAVE2-0125,Hans-Ehrenberg-Schule,Bielefeld,Nordrhein-Westfalen,E10093281,,2-3,https://erasmusplus.schule/fileadmin/Dateien/Dokumente/Erasmus/Foerderlisten/KA120_akkreditierte_Einrichtungen.pdf
DE-WAVE2-0126,Helmholtz-Gymnasium Bielefeld,Bielefeld,Nordrhein-Westfalen,E10259699,,2-3,https://erasmusplus.schule/fileadmin/Dateien/Dokumente/Erasmus/Foerderlisten/KA120_akkreditierte_Einrichtungen.pdf
DE-WAVE2-0127,Laborschule des Landes Nordrhein-Westfalen an,Bielefeld,Nordrhein-Westfalen,E10041071,,2-3,https://erasmusplus.schule/fileadmin/Dateien/Dokumente/Erasmus/Foerderlisten/KA120_akkreditierte_Einrichtungen.pdf
DE-WAVE2-0128,Luisenschule Bielefeld,Bielefeld,Nordrhein-Westfalen,E10230542,,2-3,https://erasmusplus.schule/fileadmin/Dateien/Dokumente/Erasmus/Foerderlisten/KA120_akkreditierte_Einrichtungen.pdf
DE-WAVE2-0129,Max-Planck-Gymnasium Städt. Gymnasium für,Bielefeld,Nordrhein-Westfalen,E10368449,,2-3,https://erasmusplus.schule/fileadmin/Dateien/Dokumente/Erasmus/Foerderlisten/KA120_akkreditierte_Einrichtungen.pdf
DE-WAVE2-0130,Oberstufen-Kolleg Bielefeld,Bielefeld,Nordrhein-Westfalen,E10281719,,2-3,https://erasmusplus.schule/fileadmin/Dateien/Dokumente/Erasmus/Foerderlisten/KA120_akkreditierte_Einrichtungen.pdf
DE-WAVE2-0131,Öffentlich-Stiftisches Gymnasium Bethel,Bielefeld,Nordrhein-Westfalen,E10042238,,2-3,https://erasmusplus.schule/fileadmin/Dateien/Dokumente/Erasmus/Foerderlisten/KA120_akkreditierte_Einrichtungen.pdf
DE-WAVE2-0132,Realschule Heepen,Bielefeld,Nordrhein-Westfalen,E10146623,,2-3,https://erasmusplus.schule/fileadmin/Dateien/Dokumente/Erasmus/Foerderlisten/KA120_akkreditierte_Einrichtungen.pdf
DE-WAVE2-0133,Realschule-Senne,Bielefeld,Nordrhein-Westfalen,E10058309,,2-3,https://erasmusplus.schule/fileadmin/Dateien/Dokumente/Erasmus/Foerderlisten/KA120_akkreditierte_Einrichtungen.pdf
DE-WAVE2-0134,Träger der Georg-Müller-Schulen e.V.,Bielefeld,Nordrhein-Westfalen,E10308609,,2-3,https://erasmusplus.schule/fileadmin/Dateien/Dokumente/Erasmus/Foerderlisten/KA120_akkreditierte_Einrichtungen.pdf
DE-WAVE2-0135,Gesamtschule Blankenheim-Nettersheim,Blankenheim,Nordrhein-Westfalen,E10167489,,2-3,https://erasmusplus.schule/fileadmin/Dateien/Dokumente/Erasmus/Foerderlisten/KA120_akkreditierte_Einrichtungen.pdf
DE-WAVE2-0136,Mariengymnasium Bocholt,Bocholt,Nordrhein-Westfalen,E10155639,,2-3,https://erasmusplus.schule/fileadmin/Dateien/Dokumente/Erasmus/Foerderlisten/KA120_akkreditierte_Einrichtungen.pdf
DE-WAVE2-0137,Else-Hirsch-Schule,Bochum,Nordrhein-Westfalen,E10252044,,2-3,https://erasmusplus.schule/fileadmin/Dateien/Dokumente/Erasmus/Foerderlisten/KA120_akkreditierte_Einrichtungen.pdf
DE-WAVE2-0138,Erich Kästner Schule,Bochum,Nordrhein-Westfalen,E10151313,,2-3,https://erasmusplus.schule/fileadmin/Dateien/Dokumente/Erasmus/Foerderlisten/KA120_akkreditierte_Einrichtungen.pdf
DE-WAVE2-0139,Goethe-Schule Bochum,Bochum,Nordrhein-Westfalen,E10157701,,2-3,https://erasmusplus.schule/fileadmin/Dateien/Dokumente/Erasmus/Foerderlisten/KA120_akkreditierte_Einrichtungen.pdf
DE-WAVE2-0140,Hans-Böckler-Realschule Bochum,Bochum,Nordrhein-Westfalen,E10368985,,2-3,https://erasmusplus.schule/fileadmin/Dateien/Dokumente/Erasmus/Foerderlisten/KA120_akkreditierte_Einrichtungen.pdf
DE-WAVE2-0141,Hellweg-Schule,Bochum,Nordrhein-Westfalen,E10051083,,2-3,https://erasmusplus.schule/fileadmin/Dateien/Dokumente/Erasmus/Foerderlisten/KA120_akkreditierte_Einrichtungen.pdf
DE-WAVE2-0142,Hilda-Heinemann-Schule,Bochum,Nordrhein-Westfalen,E10248237,,2-3,https://erasmusplus.schule/fileadmin/Dateien/Dokumente/Erasmus/Foerderlisten/KA120_akkreditierte_Einrichtungen.pdf
DE-WAVE2-0143,Liselotte Rauner-Schule,Bochum,Nordrhein-Westfalen,E10238714,,2-3,https://erasmusplus.schule/fileadmin/Dateien/Dokumente/Erasmus/Foerderlisten/KA120_akkreditierte_Einrichtungen.pdf
DE-WAVE2-0144,Matthias-Claudius-Schule Priv. Evangelische,Bochum,Nordrhein-Westfalen,E10307666,,2-3,https://erasmusplus.schule/fileadmin/Dateien/Dokumente/Erasmus/Foerderlisten/KA120_akkreditierte_Einrichtungen.pdf
DE-WAVE2-0145,Neues Gymnasium Bochum,Bochum,Nordrhein-Westfalen,E10050974,,2-3,https://erasmusplus.schule/fileadmin/Dateien/Dokumente/Erasmus/Foerderlisten/KA120_akkreditierte_Einrichtungen.pdf
DE-WAVE2-0146,Theodor -Körner- Schule Bochum,Bochum,Nordrhein-Westfalen,E10304621,,2-3,https://erasmusplus.schule/fileadmin/Dateien/Dokumente/Erasmus/Foerderlisten/KA120_akkreditierte_Einrichtungen.pdf
DE-WAVE2-0147,Willy-Brandt-Gesamtschule,Bochum,Nordrhein-Westfalen,E10251287,,2-3,https://erasmusplus.schule/fileadmin/Dateien/Dokumente/Erasmus/Foerderlisten/KA120_akkreditierte_Einrichtungen.pdf
DE-WAVE2-0148,Bodelschwinghschule,Bonn,Nordrhein-Westfalen,E10341970,,2-3,https://erasmusplus.schule/fileadmin/Dateien/Dokumente/Erasmus/Foerderlisten/KA120_akkreditierte_Einrichtungen.pdf
DE-WAVE2-0149,Clara-Schumann-Gymnasium Bonn,Bonn,Nordrhein-Westfalen,E10168428,,2-3,https://erasmusplus.schule/fileadmin/Dateien/Dokumente/Erasmus/Foerderlisten/KA120_akkreditierte_Einrichtungen.pdf
DE-WAVE2-0150,Collegium Josephinum Bonn,Bonn,Nordrhein-Westfalen,E10116020,,2-3,https://erasmusplus.schule/fileadmin/Dateien/Dokumente/Erasmus/Foerderlisten/KA120_akkreditierte_Einrichtungen.pdf
DE-WAVE2-0151,Ernst-Moritz-Arndt-Gymnasium der Stadt Bonn,Bonn,Nordrhein-Westfalen,E10019901,,2-3,https://erasmusplus.schule/fileadmin/Dateien/Dokumente/Erasmus/Foerderlisten/KA120_akkreditierte_Einrichtungen.pdf
DE-WAVE2-0152,Friedrich-Ebert-Gymnasium Bonn,Bonn,Nordrhein-Westfalen,E10280524,,2-3,https://erasmusplus.schule/fileadmin/Dateien/Dokumente/Erasmus/Foerderlisten/KA120_akkreditierte_Einrichtungen.pdf
DE-WAVE2-0153,Marie-Kahle-Gesamtschule,Bonn,Nordrhein-Westfalen,E10110265,,2-3,https://erasmusplus.schule/fileadmin/Dateien/Dokumente/Erasmus/Foerderlisten/KA120_akkreditierte_Einrichtungen.pdf
DE-WAVE2-0154,Privates Ernst-Kalkuhl-Gymnasium GmbH,Bonn,Nordrhein-Westfalen,E10339999,,2-3,https://erasmusplus.schule/fileadmin/Dateien/Dokumente/Erasmus/Foerderlisten/KA120_akkreditierte_Einrichtungen.pdf
DE-WAVE2-0155,Weiterbildungskolleg Bonn,Bonn,Nordrhein-Westfalen,E10152042,,2-3,https://erasmusplus.schule/fileadmin/Dateien/Dokumente/Erasmus/Foerderlisten/KA120_akkreditierte_Einrichtungen.pdf
DE-WAVE2-0156,Zentrum für schulpraktische Lehrerausbildung,Bonn,Nordrhein-Westfalen,E10311916,,2-3,https://erasmusplus.schule/fileadmin/Dateien/Dokumente/Erasmus/Foerderlisten/KA120_akkreditierte_Einrichtungen.pdf
DE-WAVE2-0157,Montessori Gesamtschule Borken,Borken,Nordrhein-Westfalen,E10084319,,2-3,https://erasmusplus.schule/fileadmin/Dateien/Dokumente/Erasmus/Foerderlisten/KA120_akkreditierte_Einrichtungen.pdf
DE-WAVE2-0158,Alexander-von-Humboldt Gymnasium Bornheim,Bornheim,Nordrhein-Westfalen,E10290294,,2-3,https://erasmusplus.schule/fileadmin/Dateien/Dokumente/Erasmus/Foerderlisten/KA120_akkreditierte_Einrichtungen.pdf
DE-WAVE2-0159,LVR-Ernst-Jandl-Schule - Förderschwerpunkt,Bornheim,Nordrhein-Westfalen,E10339445,,2-3,https://erasmusplus.schule/fileadmin/Dateien/Dokumente/Erasmus/Foerderlisten/KA120_akkreditierte_Einrichtungen.pdf
DE-WAVE2-0160,Sekundarschule Kirchhellen,Bottrop,Nordrhein-Westfalen,E10048373,,2-3,https://erasmusplus.schule/fileadmin/Dateien/Dokumente/Erasmus/Foerderlisten/KA120_akkreditierte_Einrichtungen.pdf
DE-WAVE2-0161,Gymnasium Brede,Brakel,Nordrhein-Westfalen,E10109972,,2-3,https://erasmusplus.schule/fileadmin/Dateien/Dokumente/Erasmus/Foerderlisten/KA120_akkreditierte_Einrichtungen.pdf
DE-WAVE2-0162,Gesamtschule der Stadt Brühl,Brühl,Nordrhein-Westfalen,E10012938,,2-3,https://erasmusplus.schule/fileadmin/Dateien/Dokumente/Erasmus/Foerderlisten/KA120_akkreditierte_Einrichtungen.pdf
DE-WAVE2-0163,Max Ernst Gymnasium der Stadt Brühl,Brühl,Nordrhein-Westfalen,E10188711,,2-3,https://erasmusplus.schule/fileadmin/Dateien/Dokumente/Erasmus/Foerderlisten/KA120_akkreditierte_Einrichtungen.pdf
DE-WAVE2-0164,Gymnasium am Markt,Bünde,Nordrhein-Westfalen,E10137208,,2-3,https://erasmusplus.schule/fileadmin/Dateien/Dokumente/Erasmus/Foerderlisten/KA120_akkreditierte_Einrichtungen.pdf
DE-WAVE2-0165,Privates Mauritius-Gymnasium,Büren,Nordrhein-Westfalen,E10118923,,2-3,https://erasmusplus.schule/fileadmin/Dateien/Dokumente/Erasmus/Foerderlisten/KA120_akkreditierte_Einrichtungen.pdf
DE-WAVE2-0166,Städtisches Ernst-Barlach-Gymnasium,Castrop-Rauxel,Nordrhein-Westfalen,E10090765,,2-3,https://erasmusplus.schule/fileadmin/Dateien/Dokumente/Erasmus/Foerderlisten/KA120_akkreditierte_Einrichtungen.pdf
DE-WAVE2-0167,Heriburg-Gymnasium,Coesfeld,Nordrhein-Westfalen,E10116536,,2-3,https://erasmusplus.schule/fileadmin/Dateien/Dokumente/Erasmus/Foerderlisten/KA120_akkreditierte_Einrichtungen.pdf
DE-WAVE2-0168,Städtisches Gymnasium Nepomucenum,Coesfeld,Nordrhein-Westfalen,E10367951,,2-3,https://erasmusplus.schule/fileadmin/Dateien/Dokumente/Erasmus/Foerderlisten/KA120_akkreditierte_Einrichtungen.pdf
DE-WAVE2-0169,Städtische Gesamtschule Delbrück,Delbrück,Nordrhein-Westfalen,E10236244,,2-3,https://erasmusplus.schule/fileadmin/Dateien/Dokumente/Erasmus/Foerderlisten/KA120_akkreditierte_Einrichtungen.pdf
DE-WAVE2-0170,Geschwister-Scholl-Gesamtschule,Detmold,Nordrhein-Westfalen,E10076066,,2-3,https://erasmusplus.schule/fileadmin/Dateien/Dokumente/Erasmus/Foerderlisten/KA120_akkreditierte_Einrichtungen.pdf
DE-WAVE2-0171,Stadtgymnasium Detmold,Detmold,Nordrhein-Westfalen,E10059868,,2-3,https://erasmusplus.schule/fileadmin/Dateien/Dokumente/Erasmus/Foerderlisten/KA120_akkreditierte_Einrichtungen.pdf
DE-WAVE2-0172,Norbert-Gymnasium Knechtsteden,Dormagen,Nordrhein-Westfalen,E10100242,,2-3,https://erasmusplus.schule/fileadmin/Dateien/Dokumente/Erasmus/Foerderlisten/KA120_akkreditierte_Einrichtungen.pdf
DE-WAVE2-0173,Gilden-Europa-Grundschule,Dortmund,Nordrhein-Westfalen,E10035732,,2-3,https://erasmusplus.schule/fileadmin/Dateien/Dokumente/Erasmus/Foerderlisten/KA120_akkreditierte_Einrichtungen.pdf
DE-WAVE2-0174,Gymnasium an der Schweizer Allee,Dortmund,Nordrhein-Westfalen,E10189200,,2-3,https://erasmusplus.schule/fileadmin/Dateien/Dokumente/Erasmus/Foerderlisten/KA120_akkreditierte_Einrichtungen.pdf
DE-WAVE2-0175,Heinrich-Heine-Gymnasium,Dortmund,Nordrhein-Westfalen,E10048875,,2-3,https://erasmusplus.schule/fileadmin/Dateien/Dokumente/Erasmus/Foerderlisten/KA120_akkreditierte_Einrichtungen.pdf
DE-WAVE2-0176,Johann-Gutenberg-Realschule für Jungen und,Dortmund,Nordrhein-Westfalen,E10235413,,2-3,https://erasmusplus.schule/fileadmin/Dateien/Dokumente/Erasmus/Foerderlisten/KA120_akkreditierte_Einrichtungen.pdf
DE-WAVE2-0177,Mallinckrodt-Gymnasium,Dortmund,Nordrhein-Westfalen,E10044697,,2-3,https://erasmusplus.schule/fileadmin/Dateien/Dokumente/Erasmus/Foerderlisten/KA120_akkreditierte_Einrichtungen.pdf
DE-WAVE2-0178,Paul-Dohrmann-Schule,Dortmund,Nordrhein-Westfalen,E10269989,,2-3,https://erasmusplus.schule/fileadmin/Dateien/Dokumente/Erasmus/Foerderlisten/KA120_akkreditierte_Einrichtungen.pdf
DE-WAVE2-0179,Siegfried-Drupp-Grundschule,Dortmund,Nordrhein-Westfalen,E10062433,,2-3,https://erasmusplus.schule/fileadmin/Dateien/Dokumente/Erasmus/Foerderlisten/KA120_akkreditierte_Einrichtungen.pdf
DE-WAVE2-0180,Stadtgymnasium Dortmund,Dortmund,Nordrhein-Westfalen,E10165793,,2-3,https://erasmusplus.schule/fileadmin/Dateien/Dokumente/Erasmus/Foerderlisten/KA120_akkreditierte_Einrichtungen.pdf
DE-WAVE2-0181,Weingartenschule am See,Dortmund,Nordrhein-Westfalen,E10339459,,2-3,https://erasmusplus.schule/fileadmin/Dateien/Dokumente/Erasmus/Foerderlisten/KA120_akkreditierte_Einrichtungen.pdf
DE-WAVE2-0182,Westfalen-Kolleg Dortmund,Dortmund,Nordrhein-Westfalen,E10078595,,2-3,https://erasmusplus.schule/fileadmin/Dateien/Dokumente/Erasmus/Foerderlisten/KA120_akkreditierte_Einrichtungen.pdf
DE-WAVE2-0183,Gemeinschaftsgrundschule Sandstrasse,Duisburg,Nordrhein-Westfalen,E10268619,,2-3,https://erasmusplus.schule/fileadmin/Dateien/Dokumente/Erasmus/Foerderlisten/KA120_akkreditierte_Einrichtungen.pdf
DE-WAVE2-0184,Gesamtschule Duisburg Mitte,Duisburg,Nordrhein-Westfalen,E10226609,,2-3,https://erasmusplus.schule/fileadmin/Dateien/Dokumente/Erasmus/Foerderlisten/KA120_akkreditierte_Einrichtungen.pdf
DE-WAVE2-0185,Gesamtschule Duisburg-Sued,Duisburg,Nordrhein-Westfalen,E10113592,,2-3,https://erasmusplus.schule/fileadmin/Dateien/Dokumente/Erasmus/Foerderlisten/KA120_akkreditierte_Einrichtungen.pdf
DE-WAVE2-0186,Gesamtschule Walsum,Duisburg,Nordrhein-Westfalen,E10235916,,2-3,https://erasmusplus.schule/fileadmin/Dateien/Dokumente/Erasmus/Foerderlisten/KA120_akkreditierte_Einrichtungen.pdf
DE-WAVE2-0187,Gottfried-Wilhelm-Leibniz-Gesamtschule,Duisburg,Nordrhein-Westfalen,E10158751,,2-3,https://erasmusplus.schule/fileadmin/Dateien/Dokumente/Erasmus/Foerderlisten/KA120_akkreditierte_Einrichtungen.pdf
DE-WAVE2-0188,Reinhard-und-Max-Mannesmann-Gymnasium,Duisburg,Nordrhein-Westfalen,E10327115,,2-3,https://erasmusplus.schule/fileadmin/Dateien/Dokumente/Erasmus/Foerderlisten/KA120_akkreditierte_Einrichtungen.pdf
DE-WAVE2-0189,Sekundarschule Am Biegerpark,Duisburg,Nordrhein-Westfalen,E10355677,,2-3,https://erasmusplus.schule/fileadmin/Dateien/Dokumente/Erasmus/Foerderlisten/KA120_akkreditierte_Einrichtungen.pdf
DE-WAVE2-0190,Bischöfliche St. Angela Schule,Düren,Nordrhein-Westfalen,E10240950,,2-3,https://erasmusplus.schule/fileadmin/Dateien/Dokumente/Erasmus/Foerderlisten/KA120_akkreditierte_Einrichtungen.pdf
DE-WAVE2-0191,Heinrich-Böll Gesamtschule,Düren,Nordrhein-Westfalen,E10038983,,2-3,https://erasmusplus.schule/fileadmin/Dateien/Dokumente/Erasmus/Foerderlisten/KA120_akkreditierte_Einrichtungen.pdf
DE-WAVE2-0192,Bezirksregierung Düsseldorf Dezernat 43.03,Düsseldorf,Nordrhein-Westfalen,E10304944,,2-3,https://erasmusplus.schule/fileadmin/Dateien/Dokumente/Erasmus/Foerderlisten/KA120_akkreditierte_Einrichtungen.pdf
DE-WAVE2-0193,Deutsch-Türkische Jugendbrücke gGmbH,Düsseldorf,Nordrhein-Westfalen,E10268094,,2-3,https://erasmusplus.schule/fileadmin/Dateien/Dokumente/Erasmus/Foerderlisten/KA120_akkreditierte_Einrichtungen.pdf
DE-WAVE2-0194,Freie Christliche Gesamtschule Düsseldorf,Düsseldorf,Nordrhein-Westfalen,E10216998,,2-3,https://erasmusplus.schule/fileadmin/Dateien/Dokumente/Erasmus/Foerderlisten/KA120_akkreditierte_Einrichtungen.pdf
DE-WAVE2-0195,Friedrich-Rückert-Gymnasium,Düsseldorf,Nordrhein-Westfalen,E10097831,,2-3,https://erasmusplus.schule/fileadmin/Dateien/Dokumente/Erasmus/Foerderlisten/KA120_akkreditierte_Einrichtungen.pdf
DE-WAVE2-0196,Lessing-Gymnasium,Düsseldorf,Nordrhein-Westfalen,E10307381,,2-3,https://erasmusplus.schule/fileadmin/Dateien/Dokumente/Erasmus/Foerderlisten/KA120_akkreditierte_Einrichtungen.pdf
DE-WAVE2-0197,Schloss-Gymnasium,Düsseldorf,Nordrhein-Westfalen,E10132104,,2-3,https://erasmusplus.schule/fileadmin/Dateien/Dokumente/Erasmus/Foerderlisten/KA120_akkreditierte_Einrichtungen.pdf
DE-WAVE2-0198,Theodor-Fliedner-Gymnasium der EKiR,Düsseldorf,Nordrhein-Westfalen,E10044592,,2-3,https://erasmusplus.schule/fileadmin/Dateien/Dokumente/Erasmus/Foerderlisten/KA120_akkreditierte_Einrichtungen.pdf
DE-WAVE2-0199,Wim-Wenders-Gymnasium,Düsseldorf,Nordrhein-Westfalen,E10184087,,2-3,https://erasmusplus.schule/fileadmin/Dateien/Dokumente/Erasmus/Foerderlisten/KA120_akkreditierte_Einrichtungen.pdf
DE-WAVE2-0200,Städtische Gesamtschule Emmerich am Rhein,Emmerich am Rhein,Nordrhein-Westfalen,E10246783,,2-3,https://erasmusplus.schule/fileadmin/Dateien/Dokumente/Erasmus/Foerderlisten/KA120_akkreditierte_Einrichtungen.pdf
DE-WAVE2-0201,Geschwister-Scholl-Schule,Emsdetten,Nordrhein-Westfalen,E10036265,,2-3,https://erasmusplus.schule/fileadmin/Dateien/Dokumente/Erasmus/Foerderlisten/KA120_akkreditierte_Einrichtungen.pdf
DE-WAVE2-0202,Käthe-Kollwitz-Realschule Emsdetten,Emsdetten,Nordrhein-Westfalen,E10409235,,2-3,https://erasmusplus.schule/fileadmin/Dateien/Dokumente/Erasmus/Foerderlisten/KA120_akkreditierte_Einrichtungen.pdf
DE-WAVE2-0203,Städtisches Gymnasium Martinum Emsdetten,Emsdetten,Nordrhein-Westfalen,E10147996,,2-3,https://erasmusplus.schule/fileadmin/Dateien/Dokumente/Erasmus/Foerderlisten/KA120_akkreditierte_Einrichtungen.pdf
DE-WAVE2-0204,Widukind-Gymnasium Enger,Enger,Nordrhein-Westfalen,E10205926,,2-3,https://erasmusplus.schule/fileadmin/Dateien/Dokumente/Erasmus/Foerderlisten/KA120_akkreditierte_Einrichtungen.pdf
DE-WAVE2-0205,Cusanus Gymnasium Erkelenz Europaschule,Erkelenz,Nordrhein-Westfalen,E10135277,,2-3,https://erasmusplus.schule/fileadmin/Dateien/Dokumente/Erasmus/Foerderlisten/KA120_akkreditierte_Einrichtungen.pdf
DE-WAVE2-0206,Franziskus-Schule kath. Grundschule -Primarstufe- Zehnthofweg 17,Erkelenz,Nordrhein-Westfalen,E10049601,,2-3,https://erasmusplus.schule/fileadmin/Dateien/Dokumente/Erasmus/Foerderlisten/KA120_akkreditierte_Einrichtungen.pdf
DE-WAVE2-0207,Gymnasium am Neandertal,Erkrath,Nordrhein-Westfalen,E10093280,,2-3,https://erasmusplus.schule/fileadmin/Dateien/Dokumente/Erasmus/Foerderlisten/KA120_akkreditierte_Einrichtungen.pdf
DE-WAVE2-0208,Städtisches Gymnasium Erwitte,Erwitte,Nordrhein-Westfalen,E10105610,,2-3,https://erasmusplus.schule/fileadmin/Dateien/Dokumente/Erasmus/Foerderlisten/KA120_akkreditierte_Einrichtungen.pdf
DE-WAVE2-0209,Carl-Humann-Gymnasium,Essen,Nordrhein-Westfalen,E10280700,,2-3,https://erasmusplus.schule/fileadmin/Dateien/Dokumente/Erasmus/Foerderlisten/KA120_akkreditierte_Einrichtungen.pdf
DE-WAVE2-0210,Gesamtschule Holsterhausen,Essen,Nordrhein-Westfalen,E10207504,,2-3,https://erasmusplus.schule/fileadmin/Dateien/Dokumente/Erasmus/Foerderlisten/KA120_akkreditierte_Einrichtungen.pdf
DE-WAVE2-0211,Gesamtschule Nord,Essen,Nordrhein-Westfalen,E10113498,,2-3,https://erasmusplus.schule/fileadmin/Dateien/Dokumente/Erasmus/Foerderlisten/KA120_akkreditierte_Einrichtungen.pdf
DE-WAVE2-0212,Goetheschule Essen,Essen,Nordrhein-Westfalen,E10067449,,2-3,https://erasmusplus.schule/fileadmin/Dateien/Dokumente/Erasmus/Foerderlisten/KA120_akkreditierte_Einrichtungen.pdf
DE-WAVE2-0213,Gustav-Heinemann-Gesamtschule,Essen,Nordrhein-Westfalen,E10170155,,2-3,https://erasmusplus.schule/fileadmin/Dateien/Dokumente/Erasmus/Foerderlisten/KA120_akkreditierte_Einrichtungen.pdf
DE-WAVE2-0214,Gesamtschule der Stadt Geldern,Geldern,Nordrhein-Westfalen,E10282878,,2-3,https://erasmusplus.schule/fileadmin/Dateien/Dokumente/Erasmus/Foerderlisten/KA120_akkreditierte_Einrichtungen.pdf
DE-WAVE2-0215,Lise Meitner Gymnasium,Geldern,Nordrhein-Westfalen,E10179109,,2-3,https://erasmusplus.schule/fileadmin/Dateien/Dokumente/Erasmus/Foerderlisten/KA120_akkreditierte_Einrichtungen.pdf
DE-WAVE2-0216,Bülseschule,Gelsenkirchen,Nordrhein-Westfalen,E10192035,,2-3,https://erasmusplus.schule/fileadmin/Dateien/Dokumente/Erasmus/Foerderlisten/KA120_akkreditierte_Einrichtungen.pdf
DE-WAVE2-0217,Evangelische Gesamtschule Gelsenkirchen-,Gelsenkirchen,Nordrhein-Westfalen,E10108324,,2-3,https://erasmusplus.schule/fileadmin/Dateien/Dokumente/Erasmus/Foerderlisten/KA120_akkreditierte_Einrichtungen.pdf
DE-WAVE2-0218,Gesamtschule Horst,Gelsenkirchen,Nordrhein-Westfalen,E10140262,,2-3,https://erasmusplus.schule/fileadmin/Dateien/Dokumente/Erasmus/Foerderlisten/KA120_akkreditierte_Einrichtungen.pdf
DE-WAVE2-0219,Gesamtschule Ückendorf,Gelsenkirchen,Nordrhein-Westfalen,E10029775,,2-3,https://erasmusplus.schule/fileadmin/Dateien/Dokumente/Erasmus/Foerderlisten/KA120_akkreditierte_Einrichtungen.pdf
DE-WAVE2-0220,Max-Planck-Gymnasium Gelsenkirchen,Gelsenkirchen,Nordrhein-Westfalen,E10263023,,2-3,https://erasmusplus.schule/fileadmin/Dateien/Dokumente/Erasmus/Foerderlisten/KA120_akkreditierte_Einrichtungen.pdf
DE-WAVE2-0221,Gesamtschule Gescher,Gescher,Nordrhein-Westfalen,E10250092,,2-3,https://erasmusplus.schule/fileadmin/Dateien/Dokumente/Erasmus/Foerderlisten/KA120_akkreditierte_Einrichtungen.pdf
DE-WAVE2-0222,Städtische Sekundarschule Geseke,Geseke,Nordrhein-Westfalen,E10312442,,2-3,https://erasmusplus.schule/fileadmin/Dateien/Dokumente/Erasmus/Foerderlisten/KA120_akkreditierte_Einrichtungen.pdf
DE-WAVE2-0223,Städtisches Gymnasium Antonianum Geseke,Geseke,Nordrhein-Westfalen,E10221366,,2-3,https://erasmusplus.schule/fileadmin/Dateien/Dokumente/Erasmus/Foerderlisten/KA120_akkreditierte_Einrichtungen.pdf
DE-WAVE2-0224,Riesener-Gymnasium Gladbeck,Gladbeck,Nordrhein-Westfalen,E10372438,,2-3,https://erasmusplus.schule/fileadmin/Dateien/Dokumente/Erasmus/Foerderlisten/KA120_akkreditierte_Einrichtungen.pdf
DE-WAVE2-0225,Wittringer Schule Gladbeck,Gladbeck,Nordrhein-Westfalen,E10279855,,2-3,https://erasmusplus.schule/fileadmin/Dateien/Dokumente/Erasmus/Foerderlisten/KA120_akkreditierte_Einrichtungen.pdf
DE-WAVE2-0226,Liebfrauenschule Mülhausen,Grefrath,Nordrhein-Westfalen,E10271203,,2-3,https://erasmusplus.schule/fileadmin/Dateien/Dokumente/Erasmus/Foerderlisten/KA120_akkreditierte_Einrichtungen.pdf
DE-WAVE2-0227,Erasmus-Gymnasium Grevenbroich,Grevenbroich,Nordrhein-Westfalen,E10309225,,2-3,https://erasmusplus.schule/fileadmin/Dateien/Dokumente/Erasmus/Foerderlisten/KA120_akkreditierte_Einrichtungen.pdf
DE-WAVE2-0228,Freies Christliches Gymnasium Gummersbach,Gummersbach,Nordrhein-Westfalen,E10167231,,2-3,https://erasmusplus.schule/fileadmin/Dateien/Dokumente/Erasmus/Foerderlisten/KA120_akkreditierte_Einrichtungen.pdf
DE-WAVE2-0229,Städtische Gesamtschule Gummersbach,Gummersbach,Nordrhein-Westfalen,E10170440,,2-3,https://erasmusplus.schule/fileadmin/Dateien/Dokumente/Erasmus/Foerderlisten/KA120_akkreditierte_Einrichtungen.pdf
DE-WAVE2-0230,3. Gesamtschule Gütersloh,Gütersloh,Nordrhein-Westfalen,E10312586,,2-3,https://erasmusplus.schule/fileadmin/Dateien/Dokumente/Erasmus/Foerderlisten/KA120_akkreditierte_Einrichtungen.pdf
DE-WAVE2-0231,Anne-Frank-Schule Städt. Gesamtschule -,Gütersloh,Nordrhein-Westfalen,E10310540,,2-3,https://erasmusplus.schule/fileadmin/Dateien/Dokumente/Erasmus/Foerderlisten/KA120_akkreditierte_Einrichtungen.pdf
DE-WAVE2-0232,Geschwister-Scholl-Schule Gütersloh,Gütersloh,Nordrhein-Westfalen,E10029321,,2-3,https://erasmusplus.schule/fileadmin/Dateien/Dokumente/Erasmus/Foerderlisten/KA120_akkreditierte_Einrichtungen.pdf
DE-WAVE2-0233,Janusz Korczak-Gesamtschule Gütersloh,Gütersloh,Nordrhein-Westfalen,E10349946,,2-3,https://erasmusplus.schule/fileadmin/Dateien/Dokumente/Erasmus/Foerderlisten/KA120_akkreditierte_Einrichtungen.pdf
DE-WAVE2-0234,Gesamtschule Hagen Eilpe,Hagen,Nordrhein-Westfalen,E10368828,,2-3,https://erasmusplus.schule/fileadmin/Dateien/Dokumente/Erasmus/Foerderlisten/KA120_akkreditierte_Einrichtungen.pdf
DE-WAVE2-0235,HagenSchule gAG,Hagen,Nordrhein-Westfalen,E10135545,,2-3,https://erasmusplus.schule/fileadmin/Dateien/Dokumente/Erasmus/Foerderlisten/KA120_akkreditierte_Einrichtungen.pdf
DE-WAVE2-0236,Schulverein der Freien Evangelischen Schule,Hagen,Nordrhein-Westfalen,E10371278,,2-3,https://erasmusplus.schule/fileadmin/Dateien/Dokumente/Erasmus/Foerderlisten/KA120_akkreditierte_Einrichtungen.pdf
DE-WAVE2-0237,Joseph-König-Gymnasium Haltern am See,Haltern am See,Nordrhein-Westfalen,E10172045,,2-3,https://erasmusplus.schule/fileadmin/Dateien/Dokumente/Erasmus/Foerderlisten/KA120_akkreditierte_Einrichtungen.pdf
DE-WAVE2-0238,Beisenkamp Gymnasium Hamm - Städtisches,Hamm,Nordrhein-Westfalen,E10126444,,2-3,https://erasmusplus.schule/fileadmin/Dateien/Dokumente/Erasmus/Foerderlisten/KA120_akkreditierte_Einrichtungen.pdf
DE-WAVE2-0239,Märkisches-Gymnasium Hamm,Hamm,Nordrhein-Westfalen,E10261039,,2-3,https://erasmusplus.schule/fileadmin/Dateien/Dokumente/Erasmus/Foerderlisten/KA120_akkreditierte_Einrichtungen.pdf
DE-WAVE2-0240,Waldorfschule Hamm,Hamm,Nordrhein-Westfalen,E10161540,,2-3,https://erasmusplus.schule/fileadmin/Dateien/Dokumente/Erasmus/Foerderlisten/KA120_akkreditierte_Einrichtungen.pdf
DE-WAVE2-0241,Staedtisches Gymnasium Waldstraße Hattingen,Hattingen,Nordrhein-Westfalen,E10089903,,2-3,https://erasmusplus.schule/fileadmin/Dateien/Dokumente/Erasmus/Foerderlisten/KA120_akkreditierte_Einrichtungen.pdf
DE-WAVE2-0242,Immanuel-Kant-Gymnasium,Heiligenhaus,Nordrhein-Westfalen,E10039917,,2-3,https://erasmusplus.schule/fileadmin/Dateien/Dokumente/Erasmus/Foerderlisten/KA120_akkreditierte_Einrichtungen.pdf
DE-WAVE2-0243,Gesamtschule der Stadt Hemer,Hemer,Nordrhein-Westfalen,E10142395,,2-3,https://erasmusplus.schule/fileadmin/Dateien/Dokumente/Erasmus/Foerderlisten/KA120_akkreditierte_Einrichtungen.pdf
DE-WAVE2-0244,Erich-Fried-Gesamtschule,Herne,Nordrhein-Westfalen,E10087940,,2-3,https://erasmusplus.schule/fileadmin/Dateien/Dokumente/Erasmus/Foerderlisten/KA120_akkreditierte_Einrichtungen.pdf
DE-WAVE2-0245,Pestalozzi-Gymnasium Herne,Herne,Nordrhein-Westfalen,E10162633,,2-3,https://erasmusplus.schule/fileadmin/Dateien/Dokumente/Erasmus/Foerderlisten/KA120_akkreditierte_Einrichtungen.pdf
DE-WAVE2-0246,Europaschule Herzogenrath,Herzogenrath,Nordrhein-Westfalen,E10197111,,2-3,https://erasmusplus.schule/fileadmin/Dateien/Dokumente/Erasmus/Foerderlisten/KA120_akkreditierte_Einrichtungen.pdf
DE-WAVE2-0247,Olof-Palme-Gesamtschule,Hiddenhausen,Nordrhein-Westfalen,E10221948,,2-3,https://erasmusplus.schule/fileadmin/Dateien/Dokumente/Erasmus/Foerderlisten/KA120_akkreditierte_Einrichtungen.pdf
DE-WAVE2-0248,Gymnasium Stift Keppel,Hilchenbach,Nordrhein-Westfalen,E10139445,,2-3,https://erasmusplus.schule/fileadmin/Dateien/Dokumente/Erasmus/Foerderlisten/KA120_akkreditierte_Einrichtungen.pdf
DE-WAVE2-0249,Sekundarschule Horn - Bad Meinberg,Horn-Bad Meinberg,Nordrhein-Westfalen,E10107442,,2-3,https://erasmusplus.schule/fileadmin/Dateien/Dokumente/Erasmus/Foerderlisten/KA120_akkreditierte_Einrichtungen.pdf
DE-WAVE2-0250,Franz-Stock-Realschule,Hövelhof,Nordrhein-Westfalen,E10177643,,2-3,https://erasmusplus.schule/fileadmin/Dateien/Dokumente/Erasmus/Foerderlisten/KA120_akkreditierte_Einrichtungen.pdf
DE-WAVE2-0251,"Gemeinschaftsgrundschule ""An der Burg""",Hückelhoven,Nordrhein-Westfalen,E10167229,,2-3,https://erasmusplus.schule/fileadmin/Dateien/Dokumente/Erasmus/Foerderlisten/KA120_akkreditierte_Einrichtungen.pdf
DE-WAVE2-0252,Ernst-Mach-Gymnasium,Hürth,Nordrhein-Westfalen,E10369083,,2-3,https://erasmusplus.schule/fileadmin/Dateien/Dokumente/Erasmus/Foerderlisten/KA120_akkreditierte_Einrichtungen.pdf
DE-WAVE2-0253,Erna-de-Vries-Gesamtschule Ibbenbüren,Ibbenbüren,Nordrhein-Westfalen,E10312824,,2-3,https://erasmusplus.schule/fileadmin/Dateien/Dokumente/Erasmus/Foerderlisten/KA120_akkreditierte_Einrichtungen.pdf
DE-WAVE2-0254,Janusz-Korczak-Schule,Ibbenbüren,Nordrhein-Westfalen,E10108049,,2-3,https://erasmusplus.schule/fileadmin/Dateien/Dokumente/Erasmus/Foerderlisten/KA120_akkreditierte_Einrichtungen.pdf
DE-WAVE2-0255,Gesamtschule Seilersee,Iserlohn,Nordrhein-Westfalen,E10235557,,2-3,https://erasmusplus.schule/fileadmin/Dateien/Dokumente/Erasmus/Foerderlisten/KA120_akkreditierte_Einrichtungen.pdf
DE-WAVE2-0256,Gymnasium An der Stenner,Iserlohn,Nordrhein-Westfalen,E10073543,,2-3,https://erasmusplus.schule/fileadmin/Dateien/Dokumente/Erasmus/Foerderlisten/KA120_akkreditierte_Einrichtungen.pdf
DE-WAVE2-0257,Städt. Gesamtschule Iserlohn,Iserlohn,Nordrhein-Westfalen,E10010849,,2-3,https://erasmusplus.schule/fileadmin/Dateien/Dokumente/Erasmus/Foerderlisten/KA120_akkreditierte_Einrichtungen.pdf
DE-WAVE2-0258,Fördergemeinschaft für Schulen in freier,Jülich,Nordrhein-Westfalen,E10153127,,2-3,https://erasmusplus.schule/fileadmin/Dateien/Dokumente/Erasmus/Foerderlisten/KA120_akkreditierte_Einrichtungen.pdf
DE-WAVE2-0259,Gesamtschule Kamen,Kamen,Nordrhein-Westfalen,E10306533,,2-3,https://erasmusplus.schule/fileadmin/Dateien/Dokumente/Erasmus/Foerderlisten/KA120_akkreditierte_Einrichtungen.pdf
DE-WAVE2-0260,Gymnasium Thomaeum,Kempen,Nordrhein-Westfalen,E10246902,,2-3,https://erasmusplus.schule/fileadmin/Dateien/Dokumente/Erasmus/Foerderlisten/KA120_akkreditierte_Einrichtungen.pdf
DE-WAVE2-0261,Luise-von-Duesberg-Gymnasium,Kempen,Nordrhein-Westfalen,E10295666,,2-3,https://erasmusplus.schule/fileadmin/Dateien/Dokumente/Erasmus/Foerderlisten/KA120_akkreditierte_Einrichtungen.pdf
DE-WAVE2-0262,Europagymnasium Kerpen,Kerpen,Nordrhein-Westfalen,E10082600,,2-3,https://erasmusplus.schule/fileadmin/Dateien/Dokumente/Erasmus/Foerderlisten/KA120_akkreditierte_Einrichtungen.pdf
DE-WAVE2-0263,Gesamtschule Kierspe,Kierspe,Nordrhein-Westfalen,E10402648,,2-3,https://erasmusplus.schule/fileadmin/Dateien/Dokumente/Erasmus/Foerderlisten/KA120_akkreditierte_Einrichtungen.pdf
DE-WAVE2-0264,Freiherr vom Stein-Gymnasium,Kleve,Nordrhein-Westfalen,E10402852,,2-3,https://erasmusplus.schule/fileadmin/Dateien/Dokumente/Erasmus/Foerderlisten/KA120_akkreditierte_Einrichtungen.pdf
DE-WAVE2-0265,Anna Freud Schule,Köln,Nordrhein-Westfalen,E10036075,,2-3,https://erasmusplus.schule/fileadmin/Dateien/Dokumente/Erasmus/Foerderlisten/KA120_akkreditierte_Einrichtungen.pdf
DE-WAVE2-0266,Apostelgymnasium,Köln,Nordrhein-Westfalen,E10182238,,2-3,https://erasmusplus.schule/fileadmin/Dateien/Dokumente/Erasmus/Foerderlisten/KA120_akkreditierte_Einrichtungen.pdf
DE-WAVE2-0267,Deutzer Gymnasium Schaurtestraße,Köln,Nordrhein-Westfalen,E10266558,,2-3,https://erasmusplus.schule/fileadmin/Dateien/Dokumente/Erasmus/Foerderlisten/KA120_akkreditierte_Einrichtungen.pdf
DE-WAVE2-0268,Diakonie Michaelshoven Kindertagesstätten,Köln,Nordrhein-Westfalen,E10310352,,2-3,https://erasmusplus.schule/fileadmin/Dateien/Dokumente/Erasmus/Foerderlisten/KA120_akkreditierte_Einrichtungen.pdf
DE-WAVE2-0269,Europaschule Köln Gesamtschule Zollstock,Köln,Nordrhein-Westfalen,E10164378,,2-3,https://erasmusplus.schule/fileadmin/Dateien/Dokumente/Erasmus/Foerderlisten/KA120_akkreditierte_Einrichtungen.pdf
DE-WAVE2-0270,Gesamtschule Holweide,Köln,Nordrhein-Westfalen,E10064988,,2-3,https://erasmusplus.schule/fileadmin/Dateien/Dokumente/Erasmus/Foerderlisten/KA120_akkreditierte_Einrichtungen.pdf
DE-WAVE2-0271,Gesamtschule Rodenkirchen,Köln,Nordrhein-Westfalen,E10020688,,2-3,https://erasmusplus.schule/fileadmin/Dateien/Dokumente/Erasmus/Foerderlisten/KA120_akkreditierte_Einrichtungen.pdf
DE-WAVE2-0272,GGS An St Theresia,Köln,Nordrhein-Westfalen,E10334435,,2-3,https://erasmusplus.schule/fileadmin/Dateien/Dokumente/Erasmus/Foerderlisten/KA120_akkreditierte_Einrichtungen.pdf
DE-WAVE2-0273,GGS Westerwaldstraße,Köln,Nordrhein-Westfalen,E10368729,,2-3,https://erasmusplus.schule/fileadmin/Dateien/Dokumente/Erasmus/Foerderlisten/KA120_akkreditierte_Einrichtungen.pdf
DE-WAVE2-0274,Gymnasium Köln Pesch,Köln,Nordrhein-Westfalen,E10133397,,2-3,https://erasmusplus.schule/fileadmin/Dateien/Dokumente/Erasmus/Foerderlisten/KA120_akkreditierte_Einrichtungen.pdf
DE-WAVE2-0275,Heinrich-Heine-Gymnasium,Köln,Nordrhein-Westfalen,E10079481,,2-3,https://erasmusplus.schule/fileadmin/Dateien/Dokumente/Erasmus/Foerderlisten/KA120_akkreditierte_Einrichtungen.pdf
DE-WAVE2-0276,Katharina-Henoth Gesamtschule Köln,Köln,Nordrhein-Westfalen,E10309514,,2-3,https://erasmusplus.schule/fileadmin/Dateien/Dokumente/Erasmus/Foerderlisten/KA120_akkreditierte_Einrichtungen.pdf
DE-WAVE2-0277,Montessori-Gymnasium Köln,Köln,Nordrhein-Westfalen,E10071757,,2-3,https://erasmusplus.schule/fileadmin/Dateien/Dokumente/Erasmus/Foerderlisten/KA120_akkreditierte_Einrichtungen.pdf
DE-WAVE2-0278,Schiller-Gymnasium,Köln,Nordrhein-Westfalen,E10135104,,2-3,https://erasmusplus.schule/fileadmin/Dateien/Dokumente/Erasmus/Foerderlisten/KA120_akkreditierte_Einrichtungen.pdf
DE-WAVE2-0279,"Städtische Förderschule ES Zülpicher Straße,",Köln,Nordrhein-Westfalen,E10093225,,2-3,https://erasmusplus.schule/fileadmin/Dateien/Dokumente/Erasmus/Foerderlisten/KA120_akkreditierte_Einrichtungen.pdf
DE-WAVE2-0280,Städtisches Maximilian-Kolbe-Gymnasium,Köln,Nordrhein-Westfalen,E10121110,,2-3,https://erasmusplus.schule/fileadmin/Dateien/Dokumente/Erasmus/Foerderlisten/KA120_akkreditierte_Einrichtungen.pdf
DE-WAVE2-0281,Vincerola GmbH,Köln,Nordrhein-Westfalen,E10158909,,2-3,https://erasmusplus.schule/fileadmin/Dateien/Dokumente/Erasmus/Foerderlisten/KA120_akkreditierte_Einrichtungen.pdf
DE-WAVE2-0282,Gymnasium Korschenbroich,Korschenbroich,Nordrhein-Westfalen,E10264898,,2-3,https://erasmusplus.schule/fileadmin/Dateien/Dokumente/Erasmus/Foerderlisten/KA120_akkreditierte_Einrichtungen.pdf
DE-WAVE2-0283,Bischöfliche Maria-Montessori-Gesamtschule,Krefeld,Nordrhein-Westfalen,E10335863,,2-3,https://erasmusplus.schule/fileadmin/Dateien/Dokumente/Erasmus/Foerderlisten/KA120_akkreditierte_Einrichtungen.pdf
DE-WAVE2-0284,Gesamtschule Uerdingen,Krefeld,Nordrhein-Westfalen,E10175460,,2-3,https://erasmusplus.schule/fileadmin/Dateien/Dokumente/Erasmus/Foerderlisten/KA120_akkreditierte_Einrichtungen.pdf
DE-WAVE2-0285,Bettine-von-Arnim-Gesamtschule,Langenfeld,Nordrhein-Westfalen,E10035926,,2-3,https://erasmusplus.schule/fileadmin/Dateien/Dokumente/Erasmus/Foerderlisten/KA120_akkreditierte_Einrichtungen.pdf
DE-WAVE2-0286,Prismaschule Langenfeld,Langenfeld,Nordrhein-Westfalen,E10095359,,2-3,https://erasmusplus.schule/fileadmin/Dateien/Dokumente/Erasmus/Foerderlisten/KA120_akkreditierte_Einrichtungen.pdf
DE-WAVE2-0287,Europaschule Langerwehe Gesamtschule,Langerwehe,Nordrhein-Westfalen,E10190993,,2-3,https://erasmusplus.schule/fileadmin/Dateien/Dokumente/Erasmus/Foerderlisten/KA120_akkreditierte_Einrichtungen.pdf
DE-WAVE2-0288,Heinrich-Drake-Schule,Lemgo,Nordrhein-Westfalen,E10207595,,2-3,https://erasmusplus.schule/fileadmin/Dateien/Dokumente/Erasmus/Foerderlisten/KA120_akkreditierte_Einrichtungen.pdf
DE-WAVE2-0289,Gymnasium der Stadt Lennestadt,Lennestadt,Nordrhein-Westfalen,E10175198,,2-3,https://erasmusplus.schule/fileadmin/Dateien/Dokumente/Erasmus/Foerderlisten/KA120_akkreditierte_Einrichtungen.pdf
DE-WAVE2-0290,Sekundarschule Hundem-Lenne,Lennestadt,Nordrhein-Westfalen,E10053716,,2-3,https://erasmusplus.schule/fileadmin/Dateien/Dokumente/Erasmus/Foerderlisten/KA120_akkreditierte_Einrichtungen.pdf
DE-WAVE2-0291,Erzbischöfliche Marienschule Opladen,Leverkusen,Nordrhein-Westfalen,E10078870,,2-3,https://erasmusplus.schule/fileadmin/Dateien/Dokumente/Erasmus/Foerderlisten/KA120_akkreditierte_Einrichtungen.pdf
DE-WAVE2-0292,Landrat-Lucas-Gymnasium,Leverkusen,Nordrhein-Westfalen,E10011120,,2-3,https://erasmusplus.schule/fileadmin/Dateien/Dokumente/Erasmus/Foerderlisten/KA120_akkreditierte_Einrichtungen.pdf
DE-WAVE2-0293,LVR Foerderschule Linnich,Linnich,Nordrhein-Westfalen,E10196056,,2-3,https://erasmusplus.schule/fileadmin/Dateien/Dokumente/Erasmus/Foerderlisten/KA120_akkreditierte_Einrichtungen.pdf
DE-WAVE2-0294,Lippetalschule,Lippetal,Nordrhein-Westfalen,E10062190,,2-3,https://erasmusplus.schule/fileadmin/Dateien/Dokumente/Erasmus/Foerderlisten/KA120_akkreditierte_Einrichtungen.pdf
DE-WAVE2-0295,Don-Bosco-Schule,Lippstadt,Nordrhein-Westfalen,E10076670,,2-3,https://erasmusplus.schule/fileadmin/Dateien/Dokumente/Erasmus/Foerderlisten/KA120_akkreditierte_Einrichtungen.pdf
DE-WAVE2-0296,Europaschule Ostendorf-Gymnasium,Lippstadt,Nordrhein-Westfalen,E10177048,,2-3,https://erasmusplus.schule/fileadmin/Dateien/Dokumente/Erasmus/Foerderlisten/KA120_akkreditierte_Einrichtungen.pdf
DE-WAVE2-0297,Schule Im Grünen Winkel Förderschule Lernen,Lippstadt,Nordrhein-Westfalen,E10124015,,2-3,https://erasmusplus.schule/fileadmin/Dateien/Dokumente/Erasmus/Foerderlisten/KA120_akkreditierte_Einrichtungen.pdf
DE-WAVE2-0298,Gesamtschule Lohmar,Lohmar,Nordrhein-Westfalen,E10123352,,2-3,https://erasmusplus.schule/fileadmin/Dateien/Dokumente/Erasmus/Foerderlisten/KA120_akkreditierte_Einrichtungen.pdf
DE-WAVE2-0299,Wittekind-Gymnasium Lübbecke,Lübbecke,Nordrhein-Westfalen,E10151375,,2-3,https://erasmusplus.schule/fileadmin/Dateien/Dokumente/Erasmus/Foerderlisten/KA120_akkreditierte_Einrichtungen.pdf
DE-WAVE2-0300,Schulamt für den Märkischen Kreis,Lüdenscheid,Nordrhein-Westfalen,E10229276,,2-3,https://erasmusplus.schule/fileadmin/Dateien/Dokumente/Erasmus/Foerderlisten/KA120_akkreditierte_Einrichtungen.pdf
DE-WAVE2-0301,Städtische Adolf-Reichwein-Gesamtschule,Lüdenscheid,Nordrhein-Westfalen,E10086047,,2-3,https://erasmusplus.schule/fileadmin/Dateien/Dokumente/Erasmus/Foerderlisten/KA120_akkreditierte_Einrichtungen.pdf
DE-WAVE2-0302,Zeppelin Gymnasium,Lüdenscheid,Nordrhein-Westfalen,E10281702,,2-3,https://erasmusplus.schule/fileadmin/Dateien/Dokumente/Erasmus/Foerderlisten/KA120_akkreditierte_Einrichtungen.pdf
DE-WAVE2-0303,St.-Antonius-Gymnasium,Lüdinghausen,Nordrhein-Westfalen,E10151393,,2-3,https://erasmusplus.schule/fileadmin/Dateien/Dokumente/Erasmus/Foerderlisten/KA120_akkreditierte_Einrichtungen.pdf
DE-WAVE2-0304,Geschwister-Scholl-Gesamtschule,Lünen,Nordrhein-Westfalen,E10175051,,2-3,https://erasmusplus.schule/fileadmin/Dateien/Dokumente/Erasmus/Foerderlisten/KA120_akkreditierte_Einrichtungen.pdf
DE-WAVE2-0305,Käthe-Kollwitz-Gesamtschule,Lünen,Nordrhein-Westfalen,E10128785,,2-3,https://erasmusplus.schule/fileadmin/Dateien/Dokumente/Erasmus/Foerderlisten/KA120_akkreditierte_Einrichtungen.pdf
DE-WAVE2-0306,Gymnasium im Loekamp,Marl,Nordrhein-Westfalen,E10325681,,2-3,https://erasmusplus.schule/fileadmin/Dateien/Dokumente/Erasmus/Foerderlisten/KA120_akkreditierte_Einrichtungen.pdf
DE-WAVE2-0307,"Martin-Luther-King-Schule, Gesamtschule der",Marl,Nordrhein-Westfalen,E10340028,,2-3,https://erasmusplus.schule/fileadmin/Dateien/Dokumente/Erasmus/Foerderlisten/KA120_akkreditierte_Einrichtungen.pdf
DE-WAVE2-0308,Gymnasium Am Turmhof,Mechernich,Nordrhein-Westfalen,E10154341,,2-3,https://erasmusplus.schule/fileadmin/Dateien/Dokumente/Erasmus/Foerderlisten/KA120_akkreditierte_Einrichtungen.pdf
DE-WAVE2-0309,Städtisches Mataré-Gymnasium. Europaschule,Meerbusch,Nordrhein-Westfalen,E10185151,,2-3,https://erasmusplus.schule/fileadmin/Dateien/Dokumente/Erasmus/Foerderlisten/KA120_akkreditierte_Einrichtungen.pdf
DE-WAVE2-0310,Evangelisches Gymnasium Meinerzhagen,Meinerzhagen,Nordrhein-Westfalen,E10245242,,2-3,https://erasmusplus.schule/fileadmin/Dateien/Dokumente/Erasmus/Foerderlisten/KA120_akkreditierte_Einrichtungen.pdf
DE-WAVE2-0311,Herder-Gymnasium,Minden,Nordrhein-Westfalen,E10168304,,2-3,https://erasmusplus.schule/fileadmin/Dateien/Dokumente/Erasmus/Foerderlisten/KA120_akkreditierte_Einrichtungen.pdf
DE-WAVE2-0312,Kurt Tucholsky Gesamtschule,Minden,Nordrhein-Westfalen,E10238733,,2-3,https://erasmusplus.schule/fileadmin/Dateien/Dokumente/Erasmus/Foerderlisten/KA120_akkreditierte_Einrichtungen.pdf
DE-WAVE2-0313,Geschwister- Scholl- Gesamtschule Moers,Moers,Nordrhein-Westfalen,E10092995,,2-3,https://erasmusplus.schule/fileadmin/Dateien/Dokumente/Erasmus/Foerderlisten/KA120_akkreditierte_Einrichtungen.pdf
DE-WAVE2-0314,Gymnasium Rheinkamp Europaschule Moers,Moers,Nordrhein-Westfalen,E10035658,,2-3,https://erasmusplus.schule/fileadmin/Dateien/Dokumente/Erasmus/Foerderlisten/KA120_akkreditierte_Einrichtungen.pdf
DE-WAVE2-0315,Hermann-Runge-Gesamtschule,Moers,Nordrhein-Westfalen,E10200157,,2-3,https://erasmusplus.schule/fileadmin/Dateien/Dokumente/Erasmus/Foerderlisten/KA120_akkreditierte_Einrichtungen.pdf
DE-WAVE2-0316,Comenius-Schule Städt. Gem. Hauptschule,Mönchengladbach,Nordrhein-Westfalen,E10166259,,2-3,https://erasmusplus.schule/fileadmin/Dateien/Dokumente/Erasmus/Foerderlisten/KA120_akkreditierte_Einrichtungen.pdf
DE-WAVE2-0317,Gesamtschule Rheydt-Mülfort,Mönchengladbach,Nordrhein-Westfalen,E10279806,,2-3,https://erasmusplus.schule/fileadmin/Dateien/Dokumente/Erasmus/Foerderlisten/KA120_akkreditierte_Einrichtungen.pdf
DE-WAVE2-0318,Gymnasium Am Geroweiher,Mönchengladbach,Nordrhein-Westfalen,E10160335,,2-3,https://erasmusplus.schule/fileadmin/Dateien/Dokumente/Erasmus/Foerderlisten/KA120_akkreditierte_Einrichtungen.pdf
DE-WAVE2-0319,Gymnasium an der Gartenstraße,Mönchengladbach,Nordrhein-Westfalen,E10096175,,2-3,https://erasmusplus.schule/fileadmin/Dateien/Dokumente/Erasmus/Foerderlisten/KA120_akkreditierte_Einrichtungen.pdf
DE-WAVE2-0320,Städt. Mathematisch-Naturwissenschaftliches,Mönchengladbach,Nordrhein-Westfalen,E10018047,,2-3,https://erasmusplus.schule/fileadmin/Dateien/Dokumente/Erasmus/Foerderlisten/KA120_akkreditierte_Einrichtungen.pdf
DE-WAVE2-0321,Städt. Realschule Volksgarten,Mönchengladbach,Nordrhein-Westfalen,E10400730,,2-3,https://erasmusplus.schule/fileadmin/Dateien/Dokumente/Erasmus/Foerderlisten/KA120_akkreditierte_Einrichtungen.pdf
DE-WAVE2-0322,Städtische Gesamtschule Hardt,Mönchengladbach,Nordrhein-Westfalen,E10057532,,2-3,https://erasmusplus.schule/fileadmin/Dateien/Dokumente/Erasmus/Foerderlisten/KA120_akkreditierte_Einrichtungen.pdf
DE-WAVE2-0323,Otto Hahn Gymnasium Monheim am Rhein,Monheim am Rhein,Nordrhein-Westfalen,E10151873,,2-3,https://erasmusplus.schule/fileadmin/Dateien/Dokumente/Erasmus/Foerderlisten/KA120_akkreditierte_Einrichtungen.pdf
DE-WAVE2-0324,Brüder Grimm Schule,Mülheim an der Ruhr,Nordrhein-Westfalen,E10128229,,2-3,https://erasmusplus.schule/fileadmin/Dateien/Dokumente/Erasmus/Foerderlisten/KA120_akkreditierte_Einrichtungen.pdf
DE-WAVE2-0325,Primary School Grundschule am Dichterviertel,Mülheim an der Ruhr,Nordrhein-Westfalen,E10237620,,2-3,https://erasmusplus.schule/fileadmin/Dateien/Dokumente/Erasmus/Foerderlisten/KA120_akkreditierte_Einrichtungen.pdf
DE-WAVE2-0326,Städtische Realschule Broich,Mülheim an der Ruhr,Nordrhein-Westfalen,E10037001,,2-3,https://erasmusplus.schule/fileadmin/Dateien/Dokumente/Erasmus/Foerderlisten/KA120_akkreditierte_Einrichtungen.pdf
DE-WAVE2-0327,"Bodelschwinghschule, städtische evangelische",Münster,Nordrhein-Westfalen,E10049353,,2-3,https://erasmusplus.schule/fileadmin/Dateien/Dokumente/Erasmus/Foerderlisten/KA120_akkreditierte_Einrichtungen.pdf
DE-WAVE2-0328,Freiherr-vom-Stein-Gymnasium Münster,Münster,Nordrhein-Westfalen,E10325118,,2-3,https://erasmusplus.schule/fileadmin/Dateien/Dokumente/Erasmus/Foerderlisten/KA120_akkreditierte_Einrichtungen.pdf
DE-WAVE2-0329,Gesamtschule Münster-Mitte,Münster,Nordrhein-Westfalen,E10053816,,2-3,https://erasmusplus.schule/fileadmin/Dateien/Dokumente/Erasmus/Foerderlisten/KA120_akkreditierte_Einrichtungen.pdf
DE-WAVE2-0330,Geschwister-Scholl-Gymnasium Münster,Münster,Nordrhein-Westfalen,E10325814,,2-3,https://erasmusplus.schule/fileadmin/Dateien/Dokumente/Erasmus/Foerderlisten/KA120_akkreditierte_Einrichtungen.pdf
DE-WAVE2-0331,Gymnasium Paulinum,Münster,Nordrhein-Westfalen,E10371974,,2-3,https://erasmusplus.schule/fileadmin/Dateien/Dokumente/Erasmus/Foerderlisten/KA120_akkreditierte_Einrichtungen.pdf
DE-WAVE2-0332,Ludgerusschule Hiltrup,Münster,Nordrhein-Westfalen,E10334242,,2-3,https://erasmusplus.schule/fileadmin/Dateien/Dokumente/Erasmus/Foerderlisten/KA120_akkreditierte_Einrichtungen.pdf
DE-WAVE2-0333,"Marienschule Münster, Ersatzschule in",Münster,Nordrhein-Westfalen,E10091296,,2-3,https://erasmusplus.schule/fileadmin/Dateien/Dokumente/Erasmus/Foerderlisten/KA120_akkreditierte_Einrichtungen.pdf
DE-WAVE2-0334,Mathilde Anneke Gesamtschule,Münster,Nordrhein-Westfalen,E10296239,,2-3,https://erasmusplus.schule/fileadmin/Dateien/Dokumente/Erasmus/Foerderlisten/KA120_akkreditierte_Einrichtungen.pdf
DE-WAVE2-0335,Schillergymnasium Münster,Münster,Nordrhein-Westfalen,E10150214,,2-3,https://erasmusplus.schule/fileadmin/Dateien/Dokumente/Erasmus/Foerderlisten/KA120_akkreditierte_Einrichtungen.pdf
DE-WAVE2-0336,Stadt Münster,Münster,Nordrhein-Westfalen,E10202371,,2-3,https://erasmusplus.schule/fileadmin/Dateien/Dokumente/Erasmus/Foerderlisten/KA120_akkreditierte_Einrichtungen.pdf
DE-WAVE2-0337,Europaschule Marie-Curie-Gymnasium,Neuss,Nordrhein-Westfalen,E10229706,,2-3,https://erasmusplus.schule/fileadmin/Dateien/Dokumente/Erasmus/Foerderlisten/KA120_akkreditierte_Einrichtungen.pdf
DE-WAVE2-0338,Gesamtschule Norf,Neuss,Nordrhein-Westfalen,E10233435,,2-3,https://erasmusplus.schule/fileadmin/Dateien/Dokumente/Erasmus/Foerderlisten/KA120_akkreditierte_Einrichtungen.pdf
DE-WAVE2-0339,Janusz-Korczak-Gesamtschule,Neuss,Nordrhein-Westfalen,E10307234,,2-3,https://erasmusplus.schule/fileadmin/Dateien/Dokumente/Erasmus/Foerderlisten/KA120_akkreditierte_Einrichtungen.pdf
DE-WAVE2-0340,Homburgisches Gymnasium Nuembrecht,Nümbrecht,Nordrhein-Westfalen,E10148031,,2-3,https://erasmusplus.schule/fileadmin/Dateien/Dokumente/Erasmus/Foerderlisten/KA120_akkreditierte_Einrichtungen.pdf
DE-WAVE2-0341,Gesamtschule Osterfeld,Oberhausen,Nordrhein-Westfalen,E10371353,,2-3,https://erasmusplus.schule/fileadmin/Dateien/Dokumente/Erasmus/Foerderlisten/KA120_akkreditierte_Einrichtungen.pdf
DE-WAVE2-0342,Gesamtschule Weierheide,Oberhausen,Nordrhein-Westfalen,E10207419,,2-3,https://erasmusplus.schule/fileadmin/Dateien/Dokumente/Erasmus/Foerderlisten/KA120_akkreditierte_Einrichtungen.pdf
DE-WAVE2-0343,Heinrich - Heine - Gymnasium Oberhausen,Oberhausen,Nordrhein-Westfalen,E10077791,,2-3,https://erasmusplus.schule/fileadmin/Dateien/Dokumente/Erasmus/Foerderlisten/KA120_akkreditierte_Einrichtungen.pdf
DE-WAVE2-0344,Heinrich-Böll-Gesamtschule Europaschule,Oberhausen,Nordrhein-Westfalen,E10207093,,2-3,https://erasmusplus.schule/fileadmin/Dateien/Dokumente/Erasmus/Foerderlisten/KA120_akkreditierte_Einrichtungen.pdf
DE-WAVE2-0345,Städtische Realschule Ochtrup,Ochtrup,Nordrhein-Westfalen,E10185450,,2-3,https://erasmusplus.schule/fileadmin/Dateien/Dokumente/Erasmus/Foerderlisten/KA120_akkreditierte_Einrichtungen.pdf
DE-WAVE2-0346,Thomas-Morus-Gymnasium Oelde,Oelde,Nordrhein-Westfalen,E10069014,,2-3,https://erasmusplus.schule/fileadmin/Dateien/Dokumente/Erasmus/Foerderlisten/KA120_akkreditierte_Einrichtungen.pdf
DE-WAVE2-0347,Gymnasium Johanneum,Ostbevern,Nordrhein-Westfalen,E10241320,,2-3,https://erasmusplus.schule/fileadmin/Dateien/Dokumente/Erasmus/Foerderlisten/KA120_akkreditierte_Einrichtungen.pdf
DE-WAVE2-0348,Friedrich-Spee-Gesamtschule Paderborn,Paderborn,Nordrhein-Westfalen,E10020108,,2-3,https://erasmusplus.schule/fileadmin/Dateien/Dokumente/Erasmus/Foerderlisten/KA120_akkreditierte_Einrichtungen.pdf
DE-WAVE2-0349,Gesamtschule Paderborn-Elsen,Paderborn,Nordrhein-Westfalen,E10260973,,2-3,https://erasmusplus.schule/fileadmin/Dateien/Dokumente/Erasmus/Foerderlisten/KA120_akkreditierte_Einrichtungen.pdf
DE-WAVE2-0350,Goerdeler-Gymnasium,Paderborn,Nordrhein-Westfalen,E10312707,,2-3,https://erasmusplus.schule/fileadmin/Dateien/Dokumente/Erasmus/Foerderlisten/KA120_akkreditierte_Einrichtungen.pdf
DE-WAVE2-0351,Gymnasium Schloß Neuhaus,Paderborn,Nordrhein-Westfalen,E10192391,,2-3,https://erasmusplus.schule/fileadmin/Dateien/Dokumente/Erasmus/Foerderlisten/KA120_akkreditierte_Einrichtungen.pdf
DE-WAVE2-0352,Gymnasium St. Michael Paderborn,Paderborn,Nordrhein-Westfalen,E10068497,,2-3,https://erasmusplus.schule/fileadmin/Dateien/Dokumente/Erasmus/Foerderlisten/KA120_akkreditierte_Einrichtungen.pdf
DE-WAVE2-0353,Heinz-Nixdorf Gesamtschule Paderborn,Paderborn,Nordrhein-Westfalen,E10172063,,2-3,https://erasmusplus.schule/fileadmin/Dateien/Dokumente/Erasmus/Foerderlisten/KA120_akkreditierte_Einrichtungen.pdf
DE-WAVE2-0354,Pelizaeus-Gymnasium,Paderborn,Nordrhein-Westfalen,E10349085,,2-3,https://erasmusplus.schule/fileadmin/Dateien/Dokumente/Erasmus/Foerderlisten/KA120_akkreditierte_Einrichtungen.pdf
DE-WAVE2-0355,Realschule In der Südstadt,Paderborn,Nordrhein-Westfalen,E10307395,,2-3,https://erasmusplus.schule/fileadmin/Dateien/Dokumente/Erasmus/Foerderlisten/KA120_akkreditierte_Einrichtungen.pdf
DE-WAVE2-0356,Reismann-Gymnasium Paderborn,Paderborn,Nordrhein-Westfalen,E10248868,,2-3,https://erasmusplus.schule/fileadmin/Dateien/Dokumente/Erasmus/Foerderlisten/KA120_akkreditierte_Einrichtungen.pdf
DE-WAVE2-0357,Abtei-Gymnasium Brauweiler,Pulheim,Nordrhein-Westfalen,E10143616,,2-3,https://erasmusplus.schule/fileadmin/Dateien/Dokumente/Erasmus/Foerderlisten/KA120_akkreditierte_Einrichtungen.pdf
DE-WAVE2-0358,Fürstenberg-Gymnasium Recke,Recke,Nordrhein-Westfalen,E10403576,,2-3,https://erasmusplus.schule/fileadmin/Dateien/Dokumente/Erasmus/Foerderlisten/KA120_akkreditierte_Einrichtungen.pdf
DE-WAVE2-0359,Gymnasium Petrinum,Recklinghausen,Nordrhein-Westfalen,E10122255,,2-3,https://erasmusplus.schule/fileadmin/Dateien/Dokumente/Erasmus/Foerderlisten/KA120_akkreditierte_Einrichtungen.pdf
DE-WAVE2-0360,Hittorf Gymnasium,Recklinghausen,Nordrhein-Westfalen,E10166210,,2-3,https://erasmusplus.schule/fileadmin/Dateien/Dokumente/Erasmus/Foerderlisten/KA120_akkreditierte_Einrichtungen.pdf
DE-WAVE2-0361,Wolfgang Borchert Gesamtschule,Recklinghausen,Nordrhein-Westfalen,E10201600,,2-3,https://erasmusplus.schule/fileadmin/Dateien/Dokumente/Erasmus/Foerderlisten/KA120_akkreditierte_Einrichtungen.pdf
DE-WAVE2-0362,Sekundarschule Hohe Mark Reken,Reken,Nordrhein-Westfalen,E10338541,,2-3,https://erasmusplus.schule/fileadmin/Dateien/Dokumente/Erasmus/Foerderlisten/KA120_akkreditierte_Einrichtungen.pdf
DE-WAVE2-0363,"Albert-Einstein-Schule, Städtische",Remscheid,Nordrhein-Westfalen,E10169905,,2-3,https://erasmusplus.schule/fileadmin/Dateien/Dokumente/Erasmus/Foerderlisten/KA120_akkreditierte_Einrichtungen.pdf
DE-WAVE2-0364,Einstein-Gymnasium Rheda-Wiedenbrück,Rheda-Wiedenbrück,Nordrhein-Westfalen,E10126751,,2-3,https://erasmusplus.schule/fileadmin/Dateien/Dokumente/Erasmus/Foerderlisten/KA120_akkreditierte_Einrichtungen.pdf
DE-WAVE2-0365,Gesamtschule Rhede,Rhede,Nordrhein-Westfalen,E10302564,,2-3,https://erasmusplus.schule/fileadmin/Dateien/Dokumente/Erasmus/Foerderlisten/KA120_akkreditierte_Einrichtungen.pdf
DE-WAVE2-0366,Europaschule Rheinberg,Rheinberg,Nordrhein-Westfalen,E10171025,,2-3,https://erasmusplus.schule/fileadmin/Dateien/Dokumente/Erasmus/Foerderlisten/KA120_akkreditierte_Einrichtungen.pdf
DE-WAVE2-0367,Alexander von Humboldt Schule Rheine-Mesum,Rheine,Nordrhein-Westfalen,E10161889,,2-3,https://erasmusplus.schule/fileadmin/Dateien/Dokumente/Erasmus/Foerderlisten/KA120_akkreditierte_Einrichtungen.pdf
DE-WAVE2-0368,Emsland-Gymnasium Rheine,Rheine,Nordrhein-Westfalen,E10307689,,2-3,https://erasmusplus.schule/fileadmin/Dateien/Dokumente/Erasmus/Foerderlisten/KA120_akkreditierte_Einrichtungen.pdf
DE-WAVE2-0369,Kopernikus-Gymnasium Rheine,Rheine,Nordrhein-Westfalen,E10059622,,2-3,https://erasmusplus.schule/fileadmin/Dateien/Dokumente/Erasmus/Foerderlisten/KA120_akkreditierte_Einrichtungen.pdf
DE-WAVE2-0370,Gymnasium Nepomucenum Rietberg,Rietberg,Nordrhein-Westfalen,E10308662,,2-3,https://erasmusplus.schule/fileadmin/Dateien/Dokumente/Erasmus/Foerderlisten/KA120_akkreditierte_Einrichtungen.pdf
DE-WAVE2-0371,Gesamtschule der Gemeinde Rödinghausen,Rödinghausen,Nordrhein-Westfalen,E10166854,,2-3,https://erasmusplus.schule/fileadmin/Dateien/Dokumente/Erasmus/Foerderlisten/KA120_akkreditierte_Einrichtungen.pdf
DE-WAVE2-0372,Freiherr-vom-Stein-Schule Gymnasium Rösrath,Rösrath,Nordrhein-Westfalen,E10253086,,2-3,https://erasmusplus.schule/fileadmin/Dateien/Dokumente/Erasmus/Foerderlisten/KA120_akkreditierte_Einrichtungen.pdf
DE-WAVE2-0373,Schule Haus Widey,Salzkotten,Nordrhein-Westfalen,E10178176,,2-3,https://erasmusplus.schule/fileadmin/Dateien/Dokumente/Erasmus/Foerderlisten/KA120_akkreditierte_Einrichtungen.pdf
DE-WAVE2-0374,Gesamtschule Schermbeck,Schermbeck,Nordrhein-Westfalen,E10082666,,2-3,https://erasmusplus.schule/fileadmin/Dateien/Dokumente/Erasmus/Foerderlisten/KA120_akkreditierte_Einrichtungen.pdf
DE-WAVE2-0375,Gymnasium Schloss Holte-Stukenbrock,,Nordrhein-Westfalen,E10199275,,2-3,https://erasmusplus.schule/fileadmin/Dateien/Dokumente/Erasmus/Foerderlisten/KA120_akkreditierte_Einrichtungen.pdf
DE-WAVE2-0376,Sekundarschule Horstmar-Schöppingen,Schöppingen,Nordrhein-Westfalen,E10406526,,2-3,https://erasmusplus.schule/fileadmin/Dateien/Dokumente/Erasmus/Foerderlisten/KA120_akkreditierte_Einrichtungen.pdf
DE-WAVE2-0377,Theodor-Fleitmann-Gesamtschule,Schwerte,Nordrhein-Westfalen,E10373401,,2-3,https://erasmusplus.schule/fileadmin/Dateien/Dokumente/Erasmus/Foerderlisten/KA120_akkreditierte_Einrichtungen.pdf
DE-WAVE2-0378,Overbergschule Selm,Selm,Nordrhein-Westfalen,E10069833,,2-3,https://erasmusplus.schule/fileadmin/Dateien/Dokumente/Erasmus/Foerderlisten/KA120_akkreditierte_Einrichtungen.pdf
DE-WAVE2-0379,Anno-Gymnasium Siegburg,Siegburg,Nordrhein-Westfalen,E10234897,,2-3,https://erasmusplus.schule/fileadmin/Dateien/Dokumente/Erasmus/Foerderlisten/KA120_akkreditierte_Einrichtungen.pdf
DE-WAVE2-0380,Gymnasium Siegburg Alleestraße,Siegburg,Nordrhein-Westfalen,E10144511,,2-3,https://erasmusplus.schule/fileadmin/Dateien/Dokumente/Erasmus/Foerderlisten/KA120_akkreditierte_Einrichtungen.pdf
DE-WAVE2-0381,"Hans Alfred Keller-Schule,",Siegburg,Nordrhein-Westfalen,E10202283,,2-3,https://erasmusplus.schule/fileadmin/Dateien/Dokumente/Erasmus/Foerderlisten/KA120_akkreditierte_Einrichtungen.pdf
DE-WAVE2-0382,Schulamt für den Rhein-Sieg-Kreis,Siegburg,Nordrhein-Westfalen,E10376071,,2-3,https://erasmusplus.schule/fileadmin/Dateien/Dokumente/Erasmus/Foerderlisten/KA120_akkreditierte_Einrichtungen.pdf
DE-WAVE2-0383,Städtische Gesamtschule am Michaelsberg,Siegburg,Nordrhein-Westfalen,E10408562,,2-3,https://erasmusplus.schule/fileadmin/Dateien/Dokumente/Erasmus/Foerderlisten/KA120_akkreditierte_Einrichtungen.pdf
DE-WAVE2-0384,Gesamtschule Auf dem Schießberg,Siegen,Nordrhein-Westfalen,E10310164,,2-3,https://erasmusplus.schule/fileadmin/Dateien/Dokumente/Erasmus/Foerderlisten/KA120_akkreditierte_Einrichtungen.pdf
DE-WAVE2-0385,Gymnasium Am Löhrtor,Siegen,Nordrhein-Westfalen,E10269337,,2-3,https://erasmusplus.schule/fileadmin/Dateien/Dokumente/Erasmus/Foerderlisten/KA120_akkreditierte_Einrichtungen.pdf
DE-WAVE2-0386,Aldegrever-Gymnasium,Soest,Nordrhein-Westfalen,E10185486,,2-3,https://erasmusplus.schule/fileadmin/Dateien/Dokumente/Erasmus/Foerderlisten/KA120_akkreditierte_Einrichtungen.pdf
DE-WAVE2-0387,Archigymnasium Soest,Soest,Nordrhein-Westfalen,E10140995,,2-3,https://erasmusplus.schule/fileadmin/Dateien/Dokumente/Erasmus/Foerderlisten/KA120_akkreditierte_Einrichtungen.pdf
DE-WAVE2-0388,Conrad-von-Soest-Gymnasium,Soest,Nordrhein-Westfalen,E10030709,,2-3,https://erasmusplus.schule/fileadmin/Dateien/Dokumente/Erasmus/Foerderlisten/KA120_akkreditierte_Einrichtungen.pdf
DE-WAVE2-0389,Hannah-Arendt-Gesamtschule Soest,Soest,Nordrhein-Westfalen,E10232141,,2-3,https://erasmusplus.schule/fileadmin/Dateien/Dokumente/Erasmus/Foerderlisten/KA120_akkreditierte_Einrichtungen.pdf
DE-WAVE2-0390,Kreis Soest,Soest,Nordrhein-Westfalen,E10208004,,2-3,https://erasmusplus.schule/fileadmin/Dateien/Dokumente/Erasmus/Foerderlisten/KA120_akkreditierte_Einrichtungen.pdf
DE-WAVE2-0391,Alexander-Coppel-Gesamtschule,Solingen,Nordrhein-Westfalen,E10326307,,2-3,https://erasmusplus.schule/fileadmin/Dateien/Dokumente/Erasmus/Foerderlisten/KA120_akkreditierte_Einrichtungen.pdf
DE-WAVE2-0392,Carl-Russ-Schule,Solingen,Nordrhein-Westfalen,E10058134,,2-3,https://erasmusplus.schule/fileadmin/Dateien/Dokumente/Erasmus/Foerderlisten/KA120_akkreditierte_Einrichtungen.pdf
DE-WAVE2-0393,Erika-Rothstein-Schule Solingen,Solingen,Nordrhein-Westfalen,E10241279,,2-3,https://erasmusplus.schule/fileadmin/Dateien/Dokumente/Erasmus/Foerderlisten/KA120_akkreditierte_Einrichtungen.pdf
DE-WAVE2-0394,Grundschule Böckerhof,Solingen,Nordrhein-Westfalen,E10183844,,2-3,https://erasmusplus.schule/fileadmin/Dateien/Dokumente/Erasmus/Foerderlisten/KA120_akkreditierte_Einrichtungen.pdf
DE-WAVE2-0395,Grundschule Bogenstraße,Solingen,Nordrhein-Westfalen,E10222202,,2-3,https://erasmusplus.schule/fileadmin/Dateien/Dokumente/Erasmus/Foerderlisten/KA120_akkreditierte_Einrichtungen.pdf
DE-WAVE2-0396,Gymnasium Schwertstraße,Solingen,Nordrhein-Westfalen,E10147786,,2-3,https://erasmusplus.schule/fileadmin/Dateien/Dokumente/Erasmus/Foerderlisten/KA120_akkreditierte_Einrichtungen.pdf
DE-WAVE2-0397,Gymnasium Arnoldinum Europaschule,Steinfurt,Nordrhein-Westfalen,E10234909,,2-3,https://erasmusplus.schule/fileadmin/Dateien/Dokumente/Erasmus/Foerderlisten/KA120_akkreditierte_Einrichtungen.pdf
DE-WAVE2-0398,Realschule für Jungen und Mädchen Steinhagen,Steinhagen,Nordrhein-Westfalen,E10087365,,2-3,https://erasmusplus.schule/fileadmin/Dateien/Dokumente/Erasmus/Foerderlisten/KA120_akkreditierte_Einrichtungen.pdf
DE-WAVE2-0399,Steinhagener Gymnasium,Steinhagen,Nordrhein-Westfalen,E10071808,,2-3,https://erasmusplus.schule/fileadmin/Dateien/Dokumente/Erasmus/Foerderlisten/KA120_akkreditierte_Einrichtungen.pdf
DE-WAVE2-0400,Goethe-Gymnasium Stolberg,Stolberg,Nordrhein-Westfalen,E10079227,,2-3,https://erasmusplus.schule/fileadmin/Dateien/Dokumente/Erasmus/Foerderlisten/KA120_akkreditierte_Einrichtungen.pdf
DE-WAVE2-0401,Ritzefeld-Gymnasium der Stadt Stolberg,Stolberg,Nordrhein-Westfalen,E10066894,,2-3,https://erasmusplus.schule/fileadmin/Dateien/Dokumente/Erasmus/Foerderlisten/KA120_akkreditierte_Einrichtungen.pdf
DE-WAVE2-0402,Städtische Gesamtschule Stolberg - Auf der,Stolberg,Nordrhein-Westfalen,E10068137,,2-3,https://erasmusplus.schule/fileadmin/Dateien/Dokumente/Erasmus/Foerderlisten/KA120_akkreditierte_Einrichtungen.pdf
DE-WAVE2-0403,Graf-Adolf-Gymnasium der Stadt Tecklenburg,Tecklenburg,Nordrhein-Westfalen,E10312079,,2-3,https://erasmusplus.schule/fileadmin/Dateien/Dokumente/Erasmus/Foerderlisten/KA120_akkreditierte_Einrichtungen.pdf
DE-WAVE2-0404,Europaschule Troisdorf,Troisdorf,Nordrhein-Westfalen,E10152954,,2-3,https://erasmusplus.schule/fileadmin/Dateien/Dokumente/Erasmus/Foerderlisten/KA120_akkreditierte_Einrichtungen.pdf
DE-WAVE2-0405,Heinrich-Böll-Gymnasium Troisdorf,Troisdorf,Nordrhein-Westfalen,E10039281,,2-3,https://erasmusplus.schule/fileadmin/Dateien/Dokumente/Erasmus/Foerderlisten/KA120_akkreditierte_Einrichtungen.pdf
DE-WAVE2-0406,Gertrud-Koch-Gesamtschule Troisdorf-Sieglar,Troisdorf-Sieglar,Nordrhein-Westfalen,E10215073,,2-3,https://erasmusplus.schule/fileadmin/Dateien/Dokumente/Erasmus/Foerderlisten/KA120_akkreditierte_Einrichtungen.pdf
DE-WAVE2-0407,Carolus-Magnus-Gymnasium,Übach-Palenberg,Nordrhein-Westfalen,E10019547,,2-3,https://erasmusplus.schule/fileadmin/Dateien/Dokumente/Erasmus/Foerderlisten/KA120_akkreditierte_Einrichtungen.pdf
DE-WAVE2-0408,Willy-Brandt Gesamtschule Übach-Palenberg,Übach-Palenberg,Nordrhein-Westfalen,E10084918,,2-3,https://erasmusplus.schule/fileadmin/Dateien/Dokumente/Erasmus/Foerderlisten/KA120_akkreditierte_Einrichtungen.pdf
DE-WAVE2-0409,"Sonnenschule, Städt. Gemeinschaftsgrundschule,",Unna,Nordrhein-Westfalen,E10186788,,2-3,https://erasmusplus.schule/fileadmin/Dateien/Dokumente/Erasmus/Foerderlisten/KA120_akkreditierte_Einrichtungen.pdf
DE-WAVE2-0410,"Geschwister-Scholl-Gymnasium, Velbert",Velbert,Nordrhein-Westfalen,E10114141,,2-3,https://erasmusplus.schule/fileadmin/Dateien/Dokumente/Erasmus/Foerderlisten/KA120_akkreditierte_Einrichtungen.pdf
DE-WAVE2-0411,Erasmus-von-Rotterdam-Gymnasium,Viersen,Nordrhein-Westfalen,E10165023,,2-3,https://erasmusplus.schule/fileadmin/Dateien/Dokumente/Erasmus/Foerderlisten/KA120_akkreditierte_Einrichtungen.pdf
DE-WAVE2-0412,Gymnasium Georgianum Vreden,Vreden,Nordrhein-Westfalen,E10096349,,2-3,https://erasmusplus.schule/fileadmin/Dateien/Dokumente/Erasmus/Foerderlisten/KA120_akkreditierte_Einrichtungen.pdf
DE-WAVE2-0413,"Gesamtschule Waldbröl, Städtische Schule der",Waldbröl,Nordrhein-Westfalen,E10179225,,2-3,https://erasmusplus.schule/fileadmin/Dateien/Dokumente/Erasmus/Foerderlisten/KA120_akkreditierte_Einrichtungen.pdf
DE-WAVE2-0414,Städtische Realschule Waltrop,Waltrop,Nordrhein-Westfalen,E10135878,,2-3,https://erasmusplus.schule/fileadmin/Dateien/Dokumente/Erasmus/Foerderlisten/KA120_akkreditierte_Einrichtungen.pdf
DE-WAVE2-0415,Mariengymnasium,Warendorf,Nordrhein-Westfalen,E10095080,,2-3,https://erasmusplus.schule/fileadmin/Dateien/Dokumente/Erasmus/Foerderlisten/KA120_akkreditierte_Einrichtungen.pdf
DE-WAVE2-0416,Sekundarschule Warstein,Warstein,Nordrhein-Westfalen,E10040694,,2-3,https://erasmusplus.schule/fileadmin/Dateien/Dokumente/Erasmus/Foerderlisten/KA120_akkreditierte_Einrichtungen.pdf
DE-WAVE2-0417,Gesamtschule Lotte-Westerkappeln,Westerkappeln,Nordrhein-Westfalen,E10047861,,2-3,https://erasmusplus.schule/fileadmin/Dateien/Dokumente/Erasmus/Foerderlisten/KA120_akkreditierte_Einrichtungen.pdf
DE-WAVE2-0418,Schule am See Städtische Sekundarschule,Wetter,Nordrhein-Westfalen,E10341143,,2-3,https://erasmusplus.schule/fileadmin/Dateien/Dokumente/Erasmus/Foerderlisten/KA120_akkreditierte_Einrichtungen.pdf
DE-WAVE2-0419,Leonardo-da-Vinci-Gesamtschule,Willich,Nordrhein-Westfalen,E10127279,,2-3,https://erasmusplus.schule/fileadmin/Dateien/Dokumente/Erasmus/Foerderlisten/KA120_akkreditierte_Einrichtungen.pdf
DE-WAVE2-0420,Schiller-Gymnasium Witten,Witten,Nordrhein-Westfalen,E10312563,,2-3,https://erasmusplus.schule/fileadmin/Dateien/Dokumente/Erasmus/Foerderlisten/KA120_akkreditierte_Einrichtungen.pdf
DE-WAVE2-0421,Städtisches Ruhr-Gymnasium,Witten,Nordrhein-Westfalen,E10217494,,2-3,https://erasmusplus.schule/fileadmin/Dateien/Dokumente/Erasmus/Foerderlisten/KA120_akkreditierte_Einrichtungen.pdf
DE-WAVE2-0422,Freie Aktive Gesamtschule Wülfrath,Wülfrath,Nordrhein-Westfalen,E10280964,,2-3,https://erasmusplus.schule/fileadmin/Dateien/Dokumente/Erasmus/Foerderlisten/KA120_akkreditierte_Einrichtungen.pdf
DE-WAVE2-0423,Carl-Fuhlrott-Gymnasium,Wuppertal,Nordrhein-Westfalen,E10246230,,2-3,https://erasmusplus.schule/fileadmin/Dateien/Dokumente/Erasmus/Foerderlisten/KA120_akkreditierte_Einrichtungen.pdf
DE-WAVE2-0424,Erich-Fried-Gesamtschule Wuppertal,Wuppertal,Nordrhein-Westfalen,E10133178,,2-3,https://erasmusplus.schule/fileadmin/Dateien/Dokumente/Erasmus/Foerderlisten/KA120_akkreditierte_Einrichtungen.pdf
DE-WAVE2-0425,Gesamtschule Uellendahl-Katernberg,Wuppertal,Nordrhein-Westfalen,E10246821,,2-3,https://erasmusplus.schule/fileadmin/Dateien/Dokumente/Erasmus/Foerderlisten/KA120_akkreditierte_Einrichtungen.pdf
DE-WAVE2-0426,Gymnasium Am Kothen,Wuppertal,Nordrhein-Westfalen,E10216142,,2-3,https://erasmusplus.schule/fileadmin/Dateien/Dokumente/Erasmus/Foerderlisten/KA120_akkreditierte_Einrichtungen.pdf
DE-WAVE2-0427,KGS Wichlinghauser Str.,Wuppertal,Nordrhein-Westfalen,E10129706,,2-3,https://erasmusplus.schule/fileadmin/Dateien/Dokumente/Erasmus/Foerderlisten/KA120_akkreditierte_Einrichtungen.pdf
DE-WAVE2-0428,Städt. Gesamtschule Wuppertal-Langerfeld,Wuppertal,Nordrhein-Westfalen,E10069261,,2-3,https://erasmusplus.schule/fileadmin/Dateien/Dokumente/Erasmus/Foerderlisten/KA120_akkreditierte_Einrichtungen.pdf
DE-WAVE2-0429,Wilhelm-Dörpfeld-Gymnasium,Wuppertal,Nordrhein-Westfalen,E10280563,,2-3,https://erasmusplus.schule/fileadmin/Dateien/Dokumente/Erasmus/Foerderlisten/KA120_akkreditierte_Einrichtungen.pdf
DE-WAVE2-0430,Städtisches Stiftsgymnasium Xanten,Xanten,Nordrhein-Westfalen,E10205154,,2-3,https://erasmusplus.schule/fileadmin/Dateien/Dokumente/Erasmus/Foerderlisten/KA120_akkreditierte_Einrichtungen.pdf
